,Document_No,Dominant_Topic,Topic_Perc_Contrib,Keywords,Text
0,0,0,0.993,"teliti, pengaruh, data, model, aplikasi, signifikan, variabel, positif, nilai, tingkat","['green', 'it', 'praktik', 'ancang', 'perangkat', 'komputer', 'printer', 'monitor', 'server', 'perangkat', 'simpan', 'sistem', 'jaring', 'efisien', 'efektif', 'timbul', 'dampak', 'serius', 'lingkung', 'teliti', 'fokus', 'green', 'use', 'of', 'it', 'system', 'perangkat', 'it', 'ramah', 'lingkung', 'komputer', 'teliti', 'tuju', 'indikatorindikator', 'signifikan', 'kesiap', 'implementasi', 'green', 'it', 'prima', 'visi', 'globalindo', 'dasar', 'framework', 'greadiness', 'model', 'usul', 'kesiap', 'green', 'it', 'indonesia', 'dasar', 'exploratory', 'factor', 'analysis', 'teliti', 'data', 'ambil', 'teknik', 'total', 'sampling', 'analisis', 'data', 'teliti', 'exploratory', 'factor', 'analysis', 'kuantitatif', 'deskriptif', 'teliti', 'indikator', 'signifikan', 'kesiap', 'implementasi', 'green', 'it', 'prima', 'visi', 'globalindo', 'bas', 'indikator', 'greadiness', 'sourcing', 'policy', 'sourcing', 'practice', 'operations', 'policy', 'business', 'infrastructure', 'technology', 'dasar', 'tahap', 'exploratory', 'factor', 'analysis', 'enam', 'faktor', 'bentuk', 'it', 'governance', 'it', 'cycle', 'it', 'infrastructure', 'attitude', 'emission', 'audit', 'sourcing']"
1,1,2,0.5377,"teliti, teknologi, risiko, informasi, proses, data, kembang, model, nilai, sistem","['giat', 'kbm', 'proses', 'langsung', 'pengaruh', 'didik', 'kecuali', 'siswa', 'tunarungu', 'slb', 'putra', 'asih', 'upaya', 'pola', 'kognitif', 'media', 'visual', 'karakteristik', 'siswa', 'tunarungu', 'cepat', 'terima', 'informasi', 'media', 'visual', 'kendala', 'online', 'semester', 'kbm', 'laksana', 'online', 'dampak', 'pandemi', 'dasar', 'media', 'bantu', 'siswa', 'proses', 'kbm', 'teliti', 'media', 'fokus', 'desain', 'user', 'interface', 'pusat', 'interaksi', 'sistem', 'proses', 'user', 'centered', 'design', 'poros', 'utama', 'sistem', 'desain', 'user', 'interface', 'bentuk', 'purwarupa', 'prototype', 'uji', 'usability', 'testing', 'isoi', 'nilai', 'efektivitas', 'efisiensi', 'puas', 'uji', 'usability', 'testing', 'isoi', 'efektifitas', 'aplikasi', 'nilai', 'ratarata', 'persentase', 'kemudiaan', 'efektivitas', 'desain', 'user', 'interface', 'nilai', 'ratarata', 'persentase', 'segi', 'puas', 'nilai', 'persentase', 'masuk', 'kategori', 'acceptable', 'respon', 'positif']"
2,2,0,0.9932,"teliti, pengaruh, data, model, aplikasi, signifikan, variabel, positif, nilai, tingkat","['elearning', 'dampak', 'signifikan', 'sistem', 'didik', 'henti', 'aktivitas', 'tradisional', 'ganti', 'sistem', 'jarak', 'pjj', 'teliti', 'tuju', 'ukur', 'kesiap', 'terap', 'sistem', 'elearning', 'universitas', 'islam', 'darul', 'ulum', 'lamongan', 'komponen', 'kesiap', 'rekomendasi', 'dasar', 'evaluasi', 'kesiap', 'dilakukanpenyebaran', 'kuesioner', 'responden', 'mahasiswa', 'dosen', 'mahasiswa', 'dosen', 'kuantitatif', 'teknik', 'analisis', 'data', 'plssem', 'smartpls', 'versi', 'faktorfaktor', 'pengaruh', 'kesiap', 'sistem', 'elearning', 'optimism', 'innovativeness', 'discomfort', 'insecurity', 'perceived', 'usefulness', 'perceived', 'ease', 'of', 'use', 'itention', 'to', 'use', 'hipotesis', 'uji', 'dosen', 'bahwasannya', 'hipotesis', 'milik', 'pengaruh', 'positif', 'hipotesis', 'terima', 'signifikan', 'hipotesis', 'bukti', 'pengaruh', 'positif', 'signifikan', 'hipotesis', 'bukti', 'pengaruh', 'positif', 'signifikanhasil', 'uji', 'mahasiswa', 'bahwasannya', 'hipotesis', 'milik', 'pengaruh', 'positif', 'hipotesis', 'terima', 'signifikan', 'hipotesis', 'bukti', 'pengaruh', 'positif', 'signifikan', 'hipotesis', 'bukti', 'pengaruh', 'positif', 'signifikan']"
3,3,1,0.9852,"teliti, surabaya, digital, informasi, of, pengaruh, layan, anak, nilai, variabel","['tes', 'iq', 'patok', 'ukur', 'cerdas', 'sorang', 'iq', 'intelligent', 'quotient', 'arti', 'kognitif', 'bakat', 'intelektual', 'pikir', 'logika', 'iring', 'kembang', 'jaman', 'teliti', 'eq', 'emotional', 'quotient', 'emotional', 'intelligence', 'pengaruh', 'etos', 'kerja', 'baur', 'tim', 'istilah', 'populer', 'dunia', 'kerja', 'iq', 'eq', 'memililki', 'toolalat', 'ukur', 'kategori', 'rentang', 'superior', 'digital', 'institute', 'dq', 'milik', 'variabel', 'inti']"
4,4,2,0.9931,"teliti, teknologi, risiko, informasi, proses, data, kembang, model, nilai, sistem","['musim', 'hujan', 'wilayah', 'indonesia', 'dihimbau', 'waspada', 'banjir', 'kawasan', 'strategis', 'nasional', 'gerbang', 'kertosusila', 'salah', 'upaya', 'letak', 'sensor', 'banjir', 'titik', 'rawan', 'banjir', 'kendala', 'perangkat', 'batas', 'tangan', 'wilayah', 'butuh', 'kembang', 'teknologi', 'sebar', 'informasi', 'banjir', 'sebar', 'informasi', 'banjir', 'cepat', 'media', 'sosial', 'twitter', 'salah', 'manfaat', 'sumber', 'data', 'teks', 'twitter', 'model', 'deteksi', 'bas', 'named', 'entity', 'recognition', 'bantu', 'deteksi', 'peristiwa', 'banjir', 'lokasi', 'tuju', 'capai', 'model', 'named', 'entity', 'recognition', 'ner', 'conditional', 'random', 'fields', 'crfs', 'riset', 'tangan', 'handle', 'slang', 'word', 'tahap', 'preprosessing', 'maksimal', 'performa', 'model', 'format', 'bio', 'proses', 'labelling', 'pos', 'tagging', 'proses', 'extraction', 'feature', 'evaluasi', 'skenario', 'kfold', 'data', 'training', 'data', 'testing', 'model', 'ner', 'crfs', 'milik', 'performa', 'nilai', 'precision', 'recall', 'fmeasure', 'bantu', 'masyarakat', 'pemerintahaan', 'kait', 'informasi', 'distribusi', 'banjir']"
5,5,1,0.9926,"teliti, surabaya, digital, informasi, of, pengaruh, layan, anak, nilai, variabel","['rendah', 'sopan', 'santun', 'media', 'sosial', 'minim', 'digital', 'intelligence', 'netiket', 'salah', 'digital', 'intelligence', 'netiket', 'kumpul', 'atur', 'perilaku', 'jaring', 'internet', 'netiket', 'kenal', 'hadir', 'paham', 'masyarakat', 'bidang', 'didik', 'teliti', 'kuantitatif', 'eksperimen', 'proses', 'knowledge', 'sharing', 'mahasiswa', 'persepsi', 'netiket', 'tuju', 'pengaruh', 'knowledge', 'sharing', 'bentuk', 'one', 'group', 'pretest', 'and', 'posttest', 'design', 'responden', 'mahasiswa', 'program', 'studi', 'sistem', 'informasi', 'uin', 'sunan', 'ampel', 'surabaya', 'minimal', 'semester', 'kumpul', 'responden', 'olah', 'spss', 'teliti', 'proses', 'knowledge', 'sharing', 'pengaruh', 'signifikan', 'konsep', 'netiket', 'pvalue', 'netiket', 'nila', 'nila', 'ubah', 'milik', 'nilai', 'selisih', 'ratarata', 'poin', 'item', 'huruf', 'kapital', 'pakai', 'ganti', 'ubah', 'milik', 'nilai', 'selisih', 'ratarata', 'poin', 'item', 'mahasiswa', 'chat', 'salam', 'buka', 'presentasi', 'beda', 'persepsi', 'mahasiswa', 'digital', 'intelligence']"
6,6,0,0.9956,"teliti, pengaruh, data, model, aplikasi, signifikan, variabel, positif, nilai, tingkat","['model', 'iso', 'software', 'product', 'quality', 'requirements', 'an', 'evaluation', 'square', 'kembang', 'model', 'kualitas', 'perangkat', 'lunak', 'iso', 'model', 'iso', 'kualitas', 'perangkat', 'lunak', 'usaha', 'organisasi', 'instansi', 'teliti', 'tulis', 'ambil', 'objek', 'teliti', 'website', 'bkkbn', 'provinsi', 'jawa', 'timur', 'dasar', 'salah', 'pegawai', 'bidang', 'advokasi', 'gera', 'informasi', 'adpin', 'tulis', 'observasi', 'website', 'bkkbn', 'provinsi', 'jawa', 'timur', 'uji', 'kualitas', 'website', 'tulis', 'analis', 'website', 'bkkbn', 'provinsi', 'jawa', 'timur', 'dasar', 'persepsi', 'responden', 'nilai', 'presentase', 'standar', 'kualitas', 'website', 'ukur', 'menggunakaan', 'model', 'iso', 'tolak', 'ukur', 'tim', 'kelola', 'website', 'modifikasi', 'kembang', 'website', 'bkkbn', 'provinsi', 'jawa', 'timur', 'model', 'analisis', 'teliti', 'acu', 'aspek', 'model', 'iso', 'performance', 'efficiency', 'usability', 'maintainability', 'portability', 'kumpul', 'data', 'purposive', 'sampling', 'instrumen', 'teliti', 'kuesioner', 'aspek', 'performance', 'efficiency', 'tools', 'gtmetrix', 'alat', 'bantu', 'nilai', 'performance', 'halaman', 'website', 'bkkbn', 'provinsi', 'jawa', 'timur', 'analisis', 'model', 'iso', 'nilai', 'domain', 'performance', 'efficiency', 'ratarata', 'cepat', 'buka', 'halaman', 'grade', 'grade', 'yslow', 'ratarata', 'tempuh', 'buka', 'halaman', 'detik', 'domain', 'usability', 'nilai', 'presentase', 'kriteria', 'domain', 'maintainability', 'nilai', 'presentase', 'kriteria', 'domain', 'portability', 'nilai', 'presentase', 'kriteria', 'evaluasi', 'kualitas', 'website', 'bkkbn', 'provinsi', 'jawa', 'timur', 'ukur', 'standar', 'iso', 'milik', 'nilai', 'standar', 'presentase', 'kriteria']"
7,7,2,0.9941,"teliti, teknologi, risiko, informasi, proses, data, kembang, model, nilai, sistem","['usaha', 'indonesia', 'asing', 'negeri', 'international', 'freight', 'forwarder', 'saing', 'usaha', 'international', 'freight', 'forwarder', 'ketat', 'rotasi', 'pegawai', 'siji', 'utama', 'logistik', 'surabaya', 'pedoman', 'organisasi', 'proses', 'paham', 'kondisi', 'usaha', 'sdm', 'proses', 'bisnis', 'hambat', 'tuju', 'perusahaanyaitu', 'milik', 'milik', 'struktur', 'organisasi', 'sumber', 'daya', 'manusia', 'kelola', 'arsitektur', 'tuju', 'visi', 'misi', 'siji', 'utama', 'logistik', 'surabaya', 'halang', 'terap', 'open', 'group', 'architecture', 'framework', 'fase', 'preliminary', 'phase', 'vision', 'architecture', 'business', 'architecture', 'teliti', 'rencana', 'model', 'enterprise', 'arsitektur', 'pedoman', 'blueprint', 'landas', 'siji', 'utama', 'logistik', 'surabaya', 'capai', 'kerja', 'tuju', 'usaha', 'efisien', 'preliminary', 'phase', 'artefak', 'project', 'management', 'plan', 'vision', 'architecture', 'artefak', 'vision', 'principles', 'vision', 'mission', 'organizational', 'chart', 'diagram', 'value', 'chain', 'business', 'model', 'canvas', 'business', 'architecture', 'artefak', 'business', 'principles', 'functional', 'decomposition', 'diagram', 'business', 'interaction', 'matrix', 'organizationactor', 'catalog', 'business', 'process', 'diagram', 'risk', 'diagram', 'kpi', 'diagram', 'solution', 'concept', 'diagram']"
8,8,2,0.9909,"teliti, teknologi, risiko, informasi, proses, data, kembang, model, nilai, sistem","['kembang', 'teknologi', 'zaman', 'capai', 'titik', 'aspek', 'implementasi', 'teknologi', 'aspek', 'agraris', 'bidang', 'tani', 'kebun', 'hidroponik', 'teknologi', 'pasuk', 'era', 'industri', 'kerja', 'manusia', 'bantu', 'teknologi', 'jarak', 'jalan', 'automatis', 'bidang', 'tani', 'kebun', 'teknologi', 'manfaat', 'bantu', 'manusia', 'rawat', 'tanam', 'panen', 'tanam', 'teknologi', 'terap', 'luas', 'kerja', 'tenaga', 'kerja', 'manusia', 'sistem', 'automasi', 'atur', 'air', 'hidroponik', 'bas', 'arduino', 'harap', 'mudah', 'tani', 'hidroponik', 'tanam', 'atur', 'kondisi', 'kualitas', 'tanam', 'biak', 'teliti', 'proses', 'ambil', 'data', 'analisa', 'butuh', 'ancang', 'sistem', 'rule', 'based', 'system', 'implementasi', 'uji', 'teliti', 'skenario', 'uji', 'fungsi', 'sistem', 'performa', 'fungsi', 'normal']"
9,9,2,0.992,"teliti, teknologi, risiko, informasi, proses, data, kembang, model, nilai, sistem","['kembang', 'teknologi', 'tingkat', 'pengaruh', 'bidang', 'bidang', 'finansial', 'bidang', 'finansial', 'alami', 'inovasi', 'salah', 'kembang', 'teknologi', 'bidang', 'finansial', 'cryptocurrency', 'ethereum', 'salah', 'cryptocurrency', 'investasi', 'investasi', 'ethereum', 'milik', 'risiko', 'dikarekan', 'harga', 'fluktuatif', 'salah', 'upaya', 'meminimalisir', 'risiko', 'amal', 'harga', 'ethereum', 'teliti', 'tuju', 'model', 'amal', 'harga', 'ethereum', 'backpropagation', 'neural', 'network', 'backpropagation', 'neural', 'network', 'dioptimasi', 'particle', 'swarm', 'optimization', 'dasar', 'uji', 'particle', 'swarm', 'optimaztion', 'bantu', 'backpropagation', 'neural', 'network', 'tingkat', 'akurasi', 'amal', 'harga', 'ethereum', 'model', 'amal', 'backpropagation', 'neural', 'network', 'mse', 'mape', 'model', 'amal', 'pso', 'backpropagation', 'neural', 'network', 'mse', 'mape', 'model', 'amal', 'pso', 'backpropagation', 'masuk', 'kriteria', 'mape']"
10,10,2,0.9186,"teliti, teknologi, risiko, informasi, proses, data, kembang, model, nilai, sistem","['teliti', 'bidang', 'sistem', 'informasi', 'dunia', 'salah', 'bentuk', 'teliti', 'ilmiah', 'ilmiah', 'bidang', 'sistem', 'informasi', 'topik', 'bahas', 'agam', 'tren', 'ilmiah', 'bahas', 'tarik', 'sekian', 'teliti', 'tantang', 'hadap', 'kerja', 'terkadang', 'teliti', 'sisa', 'teliti', 'milik', 'tuju', 'tren', 'topik', 'tantang', 'kumpul', 'open', 'question', 'teliti', 'bidang', 'sistem', 'informasi', 'analisis', 'tren', 'menggunakanmetode', 'systematic', 'literature', 'review', 'sciencedirect', 'sumber', 'data', 'teliti', 'tren', 'topik', 'teliti', 'bidang', 'sistem', 'informasi', 'datainformation', 'management', 'persentase', 'temu', 'tren', 'surveyinterview', 'persentase', 'tantang', 'hadap', 'tantang', 'tantang', 'hadap', 'human', 'resource', 'problem', 'persentase', 'teliti', 'sisa', 'open', 'question', 'temu', 'sisa', 'analis']"
11,11,1,0.9915,"teliti, surabaya, digital, informasi, of, pengaruh, layan, anak, nilai, variabel","['aman', 'informasi', 'aman', 'informasi', 'ancam', 'upaya', 'jamin', 'langsung', 'bisnis', 'minimal', 'risiko', 'maksimal', 'ambil', 'invenstasi', 'peluang', 'bisnis', 'paham', 'aman', 'informasi', 'harap', 'sadar', 'terap', 'sistem', 'manajemen', 'aman', 'informasi', 'smki', 'variabel', 'pengaruh', 'resistensi', 'integrasi', 'aksebilitas', 'alam', 'disposisi', 'jaring', 'dukung', 'tuju', 'teliti', 'menganalisa', 'variabel', 'bepengaruh', 'resistensi', 'smki', 'instansi', 'perintah', 'data', 'pegawai', 'instansi', 'perintah', 'teknik', 'simple', 'random', 'sampling', 'teknik', 'sampling', 'regresi', 'linier', 'ganda', 'integrated', 'resistance', 'factor', 'model', 'irfm', 'teliti', 'jaring', 'dukung', 'pengaruh', 'signifikan', 'resistensi', 'implementasi', 'smki', 'nilai', 'hitung', 'tabel', 'nila', 'taraf', 'signifikansi', 'variabel', 'alam', 'disposisi', 'variabel', 'integrasi', 'aksebilitas', 'pengaruh', 'resistensi', 'implementasi', 'smki', 'nilai', 'hitung', 'tabel']"
12,12,2,0.9933,"teliti, teknologi, risiko, informasi, proses, data, kembang, model, nilai, sistem","['indonesia', 'pasuk', 'era', 'bonus', 'demografi', 'duduk', 'usia', 'produktif', 'duduk', 'usia', 'usia', 'nonproduktif', 'fenomena', 'muncul', 'peluang', 'startup', 'bidang', 'didik', 'tuju', 'sumber', 'daya', 'manusia', 'indonesia', 'pandemi', 'covid', 'indonesia', 'perintah', 'atur', 'giat', 'online', 'startup', 'peran', 'jembatan', 'jarak', 'startup', 'bidang', 'didik', 'salah', 'outstanding', 'youth', 'indonesia', 'oyi', 'kondisi', 'oyi', 'saing', 'layan', 'konsumen', 'salah', 'terap', 'strategi', 'manajemen', 'hubung', 'langgan', 'crm', 'teliti', 'tuju', 'implementasi', 'segmentasi', 'karakteristik', 'konsumen', 'kmeans', 'hierarchical', 'clustering', 'uji', 'cluster', 'karakteristik', 'konsumen', 'rekomendasi', 'crm', 'dasar', 'segmentasi', 'karakteristik', 'langgan', 'teliti', 'optimal', 'kmeans', 'score', 'banding', 'hierarchical', 'clustering', 'cluster', 'uji', 'cakup', 'kategori', 'didik', 'tuju', 'jenis', 'beasiswa', 'cluster', 'cluster', 'dominasi', 'mahasiswa', 'cluster', 'karyawan', 'instansi', 'perintah', 'cluster', 'dominasi', 'smasmk', 'derajat', 'cluster', 'milik', 'silhoutte', 'coefficient', 'cluster', 'dasar', 'clustering', 'strategi', 'cluster', 'tingkat', 'crm', 'oyi']"
13,13,2,0.9948,"teliti, teknologi, risiko, informasi, proses, data, kembang, model, nilai, sistem","['dokumen', 'proses', 'bisnis', 'salah', 'dokumen', 'milik', 'organisasi', 'giat', 'jalan', 'struktur', 'sesuai', 'atur', 'menteri', 'riset', 'teknologi', 'didik', 'republik', 'indonesia', 'nomor', 'nomor', 'pasal', 'unit', 'kelembagaaan', 'guru', 'negeri', 'wajib', 'kembang', 'susun', 'selenggara', 'evaluasi', 'peta', 'proses', 'bisnis', 'teliti', 'kembang', 'proses', 'bisnis', 'model', 'diagram', 'standar', 'intenasional', 'business', 'process', 'modelling', 'notation', 'bpmn', 'teliti', 'laksana', 'ukur', 'manfaat', 'bpmn', 'internalization', 'knowledge', 'capture', 'salah', 'lembaga', 'jamin', 'mutu', 'universitas', 'jamin', 'mutu', 'internal', 'teliti', 'proses', 'process', 'identification', 'process', 'discovery', 'process', 'analysis', 'teliti', 'giat', 'model', 'proses', 'bisnis', 'wawancara', 'studi', 'dokumen', 'analisis', 'proses', 'bisnis', 'model', 'proses', 'bisnis', 'akses', 'link', 'website', 'wwwlpmuinsabpmncom', 'ukur', 'manfaat', 'business', 'process', 'modelling', 'notation', 'internalization', 'knowledge', 'capture', 'process', 'analysis', 'bukti', 'model', 'business', 'process', 'modelling', 'notation', 'porses', 'bisnis', 'lembaga', 'jamin', 'mutu', 'universitas', 'manfaat', 'internalisasi', 'tangkap', 'nilai', 'manfaat', 'model', 'bpmn', 'internalisasi', 'tangkap', 'perspective', 'process', 'owner', 'and', 'operational', 'managers', 'perspective', 'nilai', 'proces', 'owner', 'and', 'operational', 'manager', 'milik', 'tanggung', 'hubung', 'langsung', 'proses', 'bisnis', 'model']"
14,14,0,0.9893,"teliti, pengaruh, data, model, aplikasi, signifikan, variabel, positif, nilai, tingkat","['tam', 'model', 'teliti', 'prediksi', 'adopsi', 'teknologi', 'informasi', 'percaya', 'minat', 'adopsi', 'teknologi', 'informasi', 'analis', 'tam', 'teliti', 'tuju', 'analisis', 'perilaku', 'minat', 'adopsi', 'emoney', 'gopay', 'ovo', 'dana', 'linkaja', 'tam', 'milik', 'variabel', 'kait', 'data', 'data', 'purposive', 'sampling', 'teknik', 'sampling', 'structural', 'equation', 'model', 'sem', 'tools', 'smartpls', 'minat', 'responden', 'aplikasi', 'emoney', 'cenderung', 'pengaruh', 'faktor', 'perceived', 'usefulness', 'output', 'quality', 'behavioral', 'intention', 'faktor', 'objective', 'usability', 'image', 'job', 'relevance', 'cenderung', 'pengaruh', 'signifikan', 'minat', 'responden', 'pakai', 'emoney']"
15,15,1,0.995,"teliti, surabaya, digital, informasi, of, pengaruh, layan, anak, nilai, variabel","['layan', 'izin', 'online', 'sedia', 'perintah', 'kota', 'surabaya', 'surabaya', 'single', 'window', 'ssw', 'pengaruh', 'positif', 'izin', 'online', 'efisiensi', 'efektivitas', 'kerja', 'birokrat', 'tingkat', 'kualitas', 'layan', 'warga', 'surabaya', 'egovernment', 'feedback', 'perintah', 'kota', 'surabaya', 'analis', 'kualitas', 'layan', 'website', 'surabaya', 'single', 'window', 'ssw', 'puas', 'alas', 'teliti', 'feedback', 'publish', 'perintah', 'kota', 'surabaya', 'kait', 'kualitas', 'layan', 'website', 'website', 'tolak', 'ukur', 'sederhana', 'implementasi', 'egovernment', 'masyarakat', 'perintah', 'kota', 'surabaya', 'kualitas', 'layan', 'website', 'puas', 'tuju', 'teliti', 'kualitas', 'layan', 'pengaruh', 'puas', 'website', 'surabaya', 'single', 'window', 'ssw', 'sampel', 'teliti', 'responden', 'hitung', 'rumus', 'slovin', 'teknik', 'purposive', 'sampling', 'egovqual', 'modifikasi', 'pakai', 'teliti', 'variabel', 'variabel', 'kualitas', 'visual', 'variabel', 'harap', 'bantu', 'kualitas', 'layan', 'website', 'surabaya', 'single', 'window', 'ssw', 'teliti', 'teknik', 'kuantitatif', 'uji', 'validitas', 'reliabilitas', 'asumsi', 'klasik', 'analisis', 'regresi', 'linier', 'ganda', 'uji', 'uji', 'dasar', 'teliti', 'kualitas', 'layan', 'website', 'surabaya', 'single', 'window', 'ssw', 'pengaruh', 'puas', 'milik', 'nilai', 'koefisien', 'korelasi', 'simpul', 'website', 'surabaya', 'single', 'window', 'ssw', 'korelasi', 'positif', 'puas', 'kualitas', 'layan', 'egovernment', 'teliti', 'evaluasi', 'kembang', 'website', 'surabaya', 'single', 'window', 'ssw', 'referensi', 'teliti']"
16,16,1,0.5394,"teliti, surabaya, digital, informasi, of, pengaruh, layan, anak, nilai, variabel","['surat', 'edar', 'menteri', 'didik', 'budaya', 'nomor', 'mpkahk', 'bijak', 'rumah', 'learn', 'from', 'home', 'isi', 'giat', 'laksana', 'online', 'putus', 'sebar', 'wabah', 'covid', 'karnawati', 'et', 'al', 'noor', 'bait', 'pelaksaanaan', 'daring', 'anak', 'usia', 'anak', 'jenjang', 'tk', 'sd', 'butuh', 'peran', 'orang', 'tua', 'risikorisiko', 'cyber', 'variasi', 'cyberbullying', 'victimization', 'dq', 'institute', 'konsep', 'micro', 'badge', 'poin', 'balanced', 'use', 'of', 'technology', 'teknologi', 'imbang', 'anak', 'topang', 'dukung', 'orang', 'tua', 'anak', 'mandiri', 'terampil', 'digital', 'teori', 'model', 'asuh', 'efektif', 'kenal', 'salah', 'abcs', 'ageappropriate', 'access', 'balance', 'content', 'restricted', 'teliti', 'ukur', 'hubung', 'effective', 'media', 'parenting', 'dasar', 'model', 'abcs', 'micro', 'badge', 'balanced', 'use', 'of', 'technology', 'responden', 'orangtua', 'milik', 'anak', 'usia', 'tk', 'sd', 'wilayah', 'kota', 'surabayaterkumpul', 'responden', 'data', 'olah', 'smartpls', 'dasar', 'riset', 'variabel', 'effective', 'media', 'parenting', 'bukti', 'pengaruh', 'micro', 'badge', 'balanced', 'use', 'of', 'technology', 'tstatistik', 'nila', 'pvalue', 'nila', 'nyata', 'pengaruh', 'signifikan']"
17,17,0,0.9939,"teliti, pengaruh, data, model, aplikasi, signifikan, variabel, positif, nilai, tingkat","['mobile', 'payment', 'tarik', 'perhati', 'kalang', 'konsumen', 'merchant', 'popularitas', 'bayar', 'seluler', 'sedia', 'bayar', 'kembang', 'pesat', 'faktorfaktor', 'pengaruh', 'niat', 'bayar', 'seluler', 'uang', 'elektronik', 'sukses', 'langsung', 'jangka', 'uang', 'elektronik', 'teliti', 'kerangka', 'expectationconfirmation', 'model', 'ecm', 'variabel', 'service', 'features', 'habit', 'trust', 'perceived', 'security', 'privacy', 'teliti', 'milik', 'tuju', 'faktor', 'niat', 'pengguanaan', 'aplikasi', 'uang', 'elektronik', 'teliti', 'teliti', 'kuantitatif', 'sebar', 'kuesioner', 'responden', 'aplikasi', 'uang', 'elektronik', 'ovo', 'gopay', 'shopeepay', 'dana', 'linkaja', 'proses', 'olah', 'data', 'teliti', 'pls', 'sem', 'bantu', 'software', 'smart', 'pls', 'habit', 'satisfaction', 'trust', 'faktor', 'utama', 'pengaruh', 'niat', 'konsumen', 'pengunaan', 'aplikasi', 'layan', 'uang', 'elektronik', 'perceived', 'usefulness', 'signifikan', 'langsung', 'pengaruh', 'pengaruh', 'niat', 'konsumen', 'pengunaan', 'aplikasi', 'layan', 'uang', 'elektronik', 'habit', 'trust', 'variabel', 'perceived', 'security', 'privacy', 'langsung', 'pengaruh', 'niat', 'layan', 'aplikasi', 'uang', 'elektronik', 'variabel', 'trust', 'satisfaction']"
18,18,2,0.9922,"teliti, teknologi, risiko, informasi, proses, data, kembang, model, nilai, sistem","['game', 'gantung', 'kondisi', 'main', 'game', 'main', 'cenderung', 'muncul', 'ekspresi', 'wajah', 'kembang', 'game', 'kombinasi', 'ekspresi', 'wajah', 'main', 'face', 'expression', 'recognition', 'fer', 'teliti', 'bahas', 'game', 'flappy', 'bird', 'fer', 'simulasi', 'ubah', 'masking', 'layer', 'main', 'webcam', 'tangkap', 'citra', 'wajah', 'realtime', 'deteksi', 'kategori', 'cnn', 'output', 'deteksi', 'ekspresi', 'kirim', 'sistem', 'game', 'ubah', 'masking', 'layer', 'tingkat', 'gelap', 'masingmasing', 'dasar', 'kelas', 'angry', 'happy', 'neutral', 'aplikasi', 'jalan', 'dataset', 'akurasi', 'dataset', 'ck', 'tingkat', 'error', 'dataset', 'custom', 'tingkat', 'error', 'epoch', 'nilai', 'deteksi', 'fer', 'kamera', 'webcam', 'aplikasi', 'flappy', 'bird', 'algoritma', 'cnn', 'nilai', 'error', 'rendah', 'tingkat', 'nilai', 'akurasi', 'uji', 'kfold', 'cross', 'validation', 'roc']"
19,19,2,0.9928,"teliti, teknologi, risiko, informasi, proses, data, kembang, model, nilai, sistem","['distribusi', 'aspek', 'perhati', 'milik', 'pengaruh', 'biaya', 'tingkat', 'layan', 'konsumen', 'selesai', 'biaya', 'distribusi', 'butuh', 'optimal', 'biaya', 'distribusi', 'sarana', 'transportasi', 'teliti', 'usul', 'terap', 'kaidah', 'ilmu', 'distribusi', 'banding', 'modified', 'distribution', 'modi', 'least', 'cost', 'terna', 'desa', 'sawunggaling', 'camat', 'taman', 'sidoarjo', 'lokasi', 'sasar', 'biaya', 'distribusi', 'prinsip', 'kerja', 'least', 'cost', 'prioritas', 'alokasi', 'biaya', 'modified', 'distribution', 'modi', 'selesai', 'distribusi', 'kembang', 'stepping', 'stone', 'least', 'cost', 'total', 'biaya', 'november', 'rp', 'total', 'biaya', 'desember', 'rp', 'januari', 'rp', 'modified', 'distribution', 'teliti', 'total', 'biaya', 'november', 'rp', 'total', 'biaya', 'desember', 'rp', 'januari', 'rppendistribusian', 'susu', 'sapi', 'desa', 'sawunggaling', 'optimal', 'biaya', 'banding', 'november', 'desember', 'ubah', 'biaya', 'distribusi', 'rp', 'januari', 'modified', 'distribution', 'optimal', 'biaya']"
20,20,1,0.8908,"teliti, surabaya, digital, informasi, of, pengaruh, layan, anak, nilai, variabel","['kembang', 'teknologi', 'informasi', 'internet', 'pusat', 'perhati', 'terap', 'sistem', 'komputerisasi', 'dunia', 'didik', 'harap', 'didik', 'efisien', 'tingkat', 'daya', 'saing', 'kerja', 'samping', 'terap', 'system', 'komputerisasi', 'terkadang', 'disalahgunakan', 'penyalagunaan', 'perilaku', 'cyberloafing', 'perilaku', 'cyberloafing', 'arti', 'internet', 'komputer', 'fasilitas', 'tuju', 'giat', 'kait', 'tuju', 'teliti', 'faktor', 'perilaku', 'cyberloafing', 'mahasiswa', 'rekomendasi', 'atur', 'perilaku', 'cyberloafing', 'mahasiswa', 'model', 'teliti', 'adopsi', 'model', 'theory', 'of', 'planned', 'behavior', 'tpb', 'responden', 'teliti', 'mahasiswa', 'fakultas', 'sains', 'teknologi', 'uin', 'sunan', 'ampel', 'surabaya', 'proses', 'analisis', 'data', 'structural', 'equation', 'modelling', 'sem', 'partial', 'least', 'square', 'pls', 'teliti', 'behavioral', 'intention', 'perceived', 'behavioral', 'control', 'pengaruh', 'positif', 'signifikan', 'cyberloafing', 'attitude', 'subjective', 'norm', 'perceived', 'behavioral', 'control', 'pengaruh', 'positif', 'signifikan', 'behavioral', 'intention', 'teliti', 'rekomendasi', 'atur', 'usul', 'poin', 'atur', 'tata', 'tertib', 'kendali', 'infrastruktur', 'teknologi', 'informasi', 'atur', 'kendali', 'pakai', 'handphone', 'pribadi', 'jam']"
21,21,2,0.9906,"teliti, teknologi, risiko, informasi, proses, data, kembang, model, nilai, sistem","['celaka', 'lintas', 'faktor', 'lelah', 'kemudi', 'meminimalisir', 'celaka', 'lalai', 'manusia', 'kembang', 'prototype', 'sistem', 'deteksi', 'microsleep', 'picu', 'alarm', 'teliti', 'histogram', 'oriented', 'gradient', 'support', 'vector', 'machine', 'deteksi', 'objek', 'bahasa', 'pemrogaman', 'python', 'dataset', 'dlib', 'face', 'landmark', 'marker', 'area', 'titik', 'wajah', 'dikalkukasi', 'dasar', 'eye', 'aspect', 'ratio', 'sistem', 'terap', 'inputan', 'video', 'tangkap', 'webcam', 'real', 'time', 'output', 'sistem', 'buzzer', 'kemudi', 'teliti', 'uji', 'skenario', 'uji', 'jarak', 'cm', 'cm', 'uji', 'tingkat', 'cahaya', 'lux', 'lux', 'akurasi', 'kunci', 'microsleep', 'sistem', 'deteksi', 'microsleep', 'histogram', 'oriented', 'gradient', 'nodemcu']"
22,22,0,0.9928,"teliti, pengaruh, data, model, aplikasi, signifikan, variabel, positif, nilai, tingkat","['butuh', 'rumah', 'tinggal', 'tingkat', 'pengaruh', 'tingkat', 'transaksi', 'rumah', 'wilayah', 'wilayah', 'milik', 'nilai', 'dasar', 'karakteristik', 'acu', 'tinggal', 'nilai', 'nilai', 'pasar', 'rumah', 'appraisal', 'milik', 'rumah', 'jual', 'properti', 'nilai', 'sesuai', 'standar', 'laku', 'computerassisted', 'mass', 'appraisal', 'cama', 'alami', 'kembang', 'automated', 'valuation', 'model', 'avm', 'nilai', 'otomatis', 'alat', 'nilai', 'properti', 'model', 'matematika', 'gabung', 'database', 'terap', 'avm', 'jaring', 'saraf', 'tiru', 'jst', 'mudah', 'appraisal', 'bobot', 'masingmasing', 'kriteria', 'kriteria', 'tanah', 'bangun', 'nilai', 'avm', 'dasar', 'metodologi', 'jst', 'cakup', 'karakteristik', 'properti', 'input', 'estimasi', 'nilai', 'pasar', 'output', 'salah', 'jst', 'backpropagation', 'peran', 'latih', 'jaring', 'tuju', 'imbang', 'kenal', 'pola', 'respon', 'pola', 'input', 'persis', 'pola', 'latih', 'klasifikasi', 'avm', 'algoritma', 'jst', 'backpropagation', 'ukur', 'confusion', 'matrix', 'accuracy']"
23,23,0,0.8633,"teliti, pengaruh, data, model, aplikasi, signifikan, variabel, positif, nilai, tingkat","['kembang', 'teknologi', 'lepas', 'sistem', 'informasi', 'gerak', 'strategi', 'selaras', 'kembang', 'bidang', 'teknologi', 'pondok', 'pesantren', 'pp', 'alfathimiyyyah', 'jombang', 'salah', 'organisasi', 'bidang', 'didik', 'butuh', 'rencana', 'strategis', 'sistem', 'informasi', 'spesifik', 'teintegrasi', 'sesuai', 'butuh', 'tuju', 'pondok', 'pesantren', 'pondok', 'pesantren', 'alfathimiyyah', 'jombang', 'kualitatif', 'case', 'study', 'observasi', 'wawancara', 'studi', 'literatur', 'kait', 'teknik', 'kumpul', 'data', 'rencana', 'strategis', 'sistem', 'informasi', 'ward', 'and', 'peppard', 'analisa', 'informasi', 'kait', 'studi', 'bentuk', 'tahap', 'input', 'process', 'output', 'triangulasi', 'uji', 'reliabilitas', 'konsistensi', 'bersangkutanpenelitian', 'analisis', 'strategi', 'sistem', 'informasi', 'sesuai', 'butuh', 'pondok', 'pesantren', 'terap', 'ward', 'and', 'peppard', 'tuang', 'roadmap', 'meta', 'jangka', 'kurikulum', 'terima', 'santriwati', 'jalan', 'absensi', 'jalan', 'data', 'santri', 'tenaga', 'kerja', 'company', 'profile', 'uang', 'sarana', 'prasarana', 'bimbing', 'konseling', 'divalidasi', 'informan', 'triangulasi']"
24,24,2,0.7504,"teliti, teknologi, risiko, informasi, proses, data, kembang, model, nilai, sistem","['kembang', 'maju', 'teknologi', 'industri', 'garmen', 'manfaat', 'kembang', 'implementasi', 'proses', 'bisnis', 'optimal', 'dukung', 'karyawan', 'paham', 'manfaat', 'maju', 'teknologi', 'maksimal', 'terap', 'teknologi', 'eratex', 'djaja', 'tbk', 'pilih', 'studi', 'teliti', 'usaha', 'terap', 'teknologi', 'proses', 'bisnis', 'usaha', 'karyawannya', 'teliti', 'tuju', 'analis', 'pengaruh', 'hubung', 'proses', 'bisnis', 'hubung', 'it', 'capability', 'kerja', 'karyawan', 'eratex', 'djaja', 'tbk', 'kota', 'probolinggo', 'pengaruh', 'moderasi', 'it', 'capability', 'hubung', 'proses', 'bisnis', 'usaha', 'kerja', 'karyawan', 'eratex', 'djaja', 'tbk', 'kota', 'probolinggo', 'data', 'teliti', 'data', 'primer', 'responden', 'sebar', 'kuesioner', 'teliti', 'sempls', 'partial', 'least', 'square', 'software', 'smartpls', 'teliti', 'proses', 'bisnis', 'usaha', 'it', 'capability', 'pengaruh', 'positif', 'signifikan', 'kerja', 'karyawan', 'eratex', 'djaja', 'tbk', 'kota', 'probolinggo', 'it', 'capability', 'memoderasi', 'hubung', 'proses', 'bisnis', 'usaha', 'kerja', 'karyawan', 'eratex', 'djaja', 'tbk', 'kota', 'probolinggo']"
25,25,2,0.9901,"teliti, teknologi, risiko, informasi, proses, data, kembang, model, nilai, sistem","['negara', 'indonesia', 'negara', 'maritim', 'konsumsi', 'ikan', 'butuh', 'pangan', 'dasar', 'data', 'menteri', 'laut', 'ikan', 'ri', 'konsumsi', 'ikan', 'nasional', 'capai', 'kg', 'kapita', 'tangkap', 'ikan', 'timbang', 'dampak', 'konsumsi', 'ikan', 'nasional', 'salah', 'penuh', 'butuh', 'konsumsi', 'ikan', 'amal', 'amal', 'prediksi', 'meminimalisir', 'tangkap', 'ikan', 'maksimal', 'amal', 'amal', 'holt', 'winters', 'exponential', 'smoothing', 'model', 'additif', 'multiplikatif', 'amal', 'akurat', 'parameter', 'model', 'pilih', 'dasar', 'forecast', 'error', 'model', 'additif', 'amal', 'prediksi', 'dasar', 'data', 'ppi', 'pasongsongan', 'cenderung', 'alami', 'juni', 'september', 'ratarata']"
26,26,0,0.9927,"teliti, pengaruh, data, model, aplikasi, signifikan, variabel, positif, nilai, tingkat","['ecommerce', 'platform', 'belanja', 'online', 'perhati', 'publik', 'salah', 'alternatif', 'mudah', 'penuh', 'butuh', 'konsumtif', 'masyarakat', 'ecommerce', 'tawar', 'mudah', 'ecommerce', 'milik', 'lemah', 'salah', 'pesan', 'respond', 'jual', 'khawatir', 'tipu', 'alas', 'teliti', 'tuju', 'faktor', 'pengaruh', 'terima', 'ecommerce', 'masyarakat', 'faktor', 'pengaruh', 'sukses', 'ecommerce', 'teliti', 'data', 'responden', 'olah', 'software', 'smartpls', 'dasar', 'olah', 'data', 'variabel', 'perceived', 'usefulness', 'perceived', 'ease', 'of', 'use', 'pengaruh', 'positif', 'signifikan', 'behavioral', 'intention', 'variabel', 'information', 'quality', 'system', 'quality', 'pengaruh', 'positif', 'signifikan', 'user', 'satisfaction', 'variabel', 'user', 'satisfaction', 'behavioral', 'intention', 'pengaruh', 'positif', 'signifikan', 'net', 'benefit', 'variabel', 'behavioral', 'intention', 'pengaruh', 'positif', 'signifikan', 'actual', 'system', 'use', 'variabel', 'service', 'quality', 'pengaruh', 'positif', 'signifikan', 'user', 'satisfaction']"
27,27,0,0.9944,"teliti, pengaruh, data, model, aplikasi, signifikan, variabel, positif, nilai, tingkat","['fenomena', 'media', 'sosial', 'internet', 'kembang', 'pesat', 'mahasiswa', 'milik', 'tingkat', 'media', 'sosial', 'internet', 'tunjang', 'aktivitas', 'aktivitas', 'akademik', 'non', 'akademik', 'internet', 'media', 'sosial', 'peran', 'milik', 'dampak', 'positif', 'dampak', 'negatif', 'stress', 'lelah', 'media', 'sosial', 'media', 'sosial', 'atur', 'overload', 'media', 'sosial', 'technostress', 'exhaustion', 'model', 'stressor', 'strain', 'outcome', 'teliti', 'tuju', 'ukur', 'faktor', 'overload', 'information', 'communication', 'social', 'overload', 'media', 'sosial', 'kondisi', 'technostress', 'exhaustion', 'mahasiswa', 'pengaruh', 'performa', 'akademik', 'model', 'uji', 'mahasiswa', 'universitas', 'islam', 'negeri', 'sunan', 'ampel', 'surabaya', 'teknik', 'analisis', 'data', 'sem', 'structural', 'equation', 'model', 'bantu', 'smartpls', 'versi', 'teliti', 'faktor', 'overload', 'information', 'communication', 'social', 'overload', 'pengaruh', 'signifikan', 'cipta', 'kondisi', 'technostress', 'mahasiswa', 'information', 'overload', 'pengaruh', 'exhaustion', 'technostress', 'bukti', 'pengaruh', 'positif', 'signifikan', 'performa', 'akademik', 'lawan', 'exhaustion', 'pengaruh', 'negatif', 'signifikan', 'performa', 'akademik', 'variabel', 'kontrol', 'umur', 'jenis', 'kelamin', 'pengaruh', 'signifikan', 'performa', 'akademik', 'mahasiswa', 'variabel', 'kontrol', 'spirituality', 'pengaruh', 'positif', 'signifikan', 'performa', 'akademik', 'mahasiswa']"
28,28,1,0.9943,"teliti, surabaya, digital, informasi, of, pengaruh, layan, anak, nilai, variabel","['kembang', 'media', 'teknologi', 'pengaruh', 'salah', 'papar', 'risiko', 'cyber', 'anak', 'utama', 'risiko', 'cyber', 'paham', 'orang', 'tua', 'future', 'readiness', 'anak', 'paham', 'orang', 'tua', 'ukur', 'persepsi', 'persepsi', 'future', 'readiness', 'ukur', 'orang', 'tua', 'terampil', 'hadap', 'anak', 'dukung', 'orang', 'tua', 'implementasi', 'effective', 'media', 'and', 'technology', 'parenting', 'model', 'implementasi', 'anak', 'usia', 'abcs', 'teliti', 'tuju', 'hubung', 'persepsi', 'future', 'readiness', 'implementasi', 'effective', 'media', 'and', 'technology', 'parenting', 'bantu', 'anak', 'hindar', 'papar', 'cyber', 'risk', 'warga', 'digital', 'sehat', 'teliti', 'uji', 'rank', 'spearman', 'teliti', 'hubung', 'signifikan', 'persepsi', 'future', 'readiness', 'implementasi', 'effective', 'media', 'and', 'technology', 'parenting', 'kategori', 'rendah', 'nilai', 'koefisien', 'korelasi', 'persepsi', 'future', 'readiness', 'orang', 'tua', 'anak', 'kota', 'surabaya', 'mayoritas', 'orang', 'tua', 'anggap', 'terampil', 'hadap', 'anak', 'terampil', 'komunikasi', 'nilai', 'kreativitas', 'inisiatif', 'implementasi', 'effective', 'media', 'and', 'technology', 'parenting', 'orang', 'tua', 'kota', 'surabaya', 'nilai', 'imbang', 'screen', 'time', 'aktivitas', 'fisik', 'teman', 'baya']"
29,29,2,0.9918,"teliti, teknologi, risiko, informasi, proses, data, kembang, model, nilai, sistem","['terap', 'teknologi', 'informasi', 'organisasi', 'samping', 'butuh', 'investasi', 'risiko', 'butuh', 'awas', 'tata', 'kelola', 'ti', 'audit', 'jalan', 'sesuai', 'tuju', 'audit', 'teknologi', 'informasi', 'framework', 'salah', 'cobit', 'versi', 'cobit', 'audit', 'ti', 'tuju', 'temu', 'gap', 'tuju', 'organisasi', 'temu', 'gap', 'nilai', 'maturity', 'cobit', 'nilai', 'maturity', 'nilai', 'capability', 'tujuh', 'komponen', 'cobit', 'pandu', 'nilai', 'capability', 'komponen', 'proses', 'enam', 'komponen', 'teliti', 'tuju', 'kembang', 'maturity', 'assessment', 'design', 'toolkit', 'sesuai', 'framework', 'cobit', 'teliti', 'kembang', 'level', 'sugiyono', 'teliti', 'proses', 'desain', 'produk', 'enam', 'tahap', 'identifikasi', 'proses', 'identifikasi', 'komponen', 'identifikasi', 'aktivitas', 'identifikasi', 'capability', 'desain', 'hitung', 'nilai', 'capability', 'desain', 'hitung', 'nilai', 'maturity']"
30,30,0,0.6373,"teliti, pengaruh, data, model, aplikasi, signifikan, variabel, positif, nilai, tingkat","['egovernment', 'indonesia', 'kenal', 'sistem', 'perintah', 'bas', 'elektronik', 'spbe', 'terap', 'sesuai', 'pres', 'no', 'spbe', 'teliti', 'bahas', 'faktor', 'performa', 'pengaruh', 'terap', 'spbe', 'kota', 'surabaya', 'kabupaten', 'mojokerto', 'komparasi', 'daerah', 'faktor', 'performa', 'teliti', 'mapping', 'digital', 'service', 'provision', 'system', 'of', 'system', 'framework', 'samantha', 'papavasilou', 'permenpan', 'no', 'mapping', 'faktor', 'performa', 'teliti', 'teliti', 'kuantitatif', 'kumpul', 'data', 'kuesioner', 'analisis', 'data', 'teliti', 'exploratory', 'factor', 'analysis', 'efa', 'teliti', 'kota', 'surabaya', 'kabupaten', 'mojokerto', 'faktor', 'performa', 'relatif', 'spesifik', 'kota', 'surabaya', 'kabupaten', 'mojokerto', 'memilliki', 'karakteristtik', 'faktor', 'performa', 'beda', 'faktor', 'performa', 'analisis', 'efa', 'faktor', 'performa', 'regulasi', 'spbe', 'literasi', 'digital', 'manajemen', 'infrastruktur', 'ti', 'sdm', 'lokasi', 'system', 'faktor', 'faktor', 'dominan', 'pengaruh', 'terap', 'spbe', 'daerah', 'faktor', 'regulasi', 'spbe']"
31,31,0,0.9956,"teliti, pengaruh, data, model, aplikasi, signifikan, variabel, positif, nilai, tingkat","['egovernment', 'upaya', 'perintah', 'teknologi', 'informasi', 'komunikasi', 'inovatif', 'layan', 'publik', 'sistem', 'mudah', 'akses', 'efisiensi', 'biaya', 'teliti', 'tuju', 'faktorfaktor', 'pengaruh', 'sukses', 'adopsi', 'model', 'delone', 'mclean', 'egovernment', 'adoption', 'model', 'implementasi', 'aplikasi', 'transportasi', 'dinas', 'hubung', 'surabaya', 'teliti', 'teliti', 'kuantiatif', 'data', 'primer', 'sebar', 'kuesioner', 'teknik', 'kumpul', 'sampel', 'teliti', 'teknik', 'probability', 'sampling', 'simple', 'random', 'sampling', 'sampel', 'responden', 'teknik', 'analisis', 'data', 'sempls', 'analisis', 'sempls', 'tahap', 'outer', 'model', 'inner', 'model', 'outer', 'model', 'tahap', 'uji', 'validitas', 'konvergen', 'diskriminan', 'uji', 'reliabilitas', 'inner', 'model', 'tahap', 'uji', 'rsquare', 'qsquare', 'goodness', 'of', 'fit', 'tahap', 'uji', 'hipotesis', 'signifikansi', 'konstruk', 'temu', 'teliti', 'papar', 'delapan', 'hipotesis', 'usul', 'terima', 'tolak', 'computer', 'selfefficacy', 'pengaruh', 'positif', 'signifikan', 'egovernment', 'adoption', 'perceived', 'trust', 'pengaruh', 'positif', 'signifikan', 'egovernment', 'adoption', 'information', 'quality', 'pengaruh', 'positif', 'signifikan', 'intention', 'to', 'use', 'egovernment', 'adoption', 'pengaruh', 'positif', 'signifikan', 'net', 'benefit', 'intention', 'to', 'use', 'pengaruh', 'positif', 'signifikan', 'net', 'benefit', 'perceived', 'awareness', 'egovernment', 'adoption', 'system', 'quality', 'intention', 'to', 'use', 'service', 'quality', 'intention', 'to', 'use', 'signifikan', 'dasar', 'harap', 'dinas', 'hubung', 'surabaya', 'sedia', 'kelola', 'smart', 'mobility', 'gencar', 'sosialisasi', 'tingkat', 'paham', 'masyarakat', 'kait', 'bekerjasama', 'mang', 'aplikasi', 'kembang']"
32,32,2,0.9897,"teliti, teknologi, risiko, informasi, proses, data, kembang, model, nilai, sistem","['usaha', 'mikro', 'umkm', 'usaha', 'milik', 'batas', 'modal', 'kembang', 'usaha', 'butuh', 'peran', 'marketer', 'informasi', 'produk', 'jual', 'jasa', 'marketer', 'butuh', 'cost', 'potong', 'modal', 'dasar', 'harap', 'teliti', 'ganti', 'tenaga', 'manusia', 'robot', 'marketer', 'teliti', 'nlp', 'chatbot', 'solusi', 'fuzzy', 'string', 'matching', 'chatbot', 'implementasi', 'aplikasi', 'whatsapp', 'ukur', 'performa', 'teliti', 'capai', 'tuju', 'evaluasi', 'fuzzy', 'string', 'matching', 'evaluasi', 'confusion', 'matrix', 'nilai', 'precission', 'nilai', 'accuracy', 'nilai', 'recall', 'nilai', 'kerja', 'presisi', 'akurasi', 'kerja', 'temu', 'informasi', 'dataset', 'chatbot', 'milik', 'kerja', 'layak']"
33,33,0,0.989,"teliti, pengaruh, data, model, aplikasi, signifikan, variabel, positif, nilai, tingkat","['ulas', 'produk', 'opini', 'tulis', 'konsumen', 'nilai', 'produk', 'ulas', 'produk', 'bantu', 'konsumen', 'putus', 'beli', 'produk', 'ulas', 'produk', 'kualitas', 'informasi', 'ulas', 'manfaat', 'diminimalisir', 'klasifikasi', 'ulas', 'manfaat', 'manfaat', 'capai', 'teliti', 'terap', 'model', 'support', 'vector', 'machine', 'svm', 'basis', 'kenal', 'pola', 'semantic', 'structural', 'features', 'klasifikasi', 'teks', 'ulas', 'dasar', 'karakteristik', 'model', 'svm', 'semantic', 'feature', 'milik', 'nilai', 'fmeasure', 'structural', 'feature', 'nilai', 'fmeasure', 'simpul', 'semantic', 'feature', 'identifikasi', 'karakteristik', 'teks', 'ulas', 'manfaat', 'manfaat']"
34,34,1,0.8467,"teliti, surabaya, digital, informasi, of, pengaruh, layan, anak, nilai, variabel","['pustaka', 'fasilistas', 'perintah', 'masyarakat', 'manfaat', 'fasilistas', 'sarana', 'minimmnya', 'budaya', 'baca', 'buku', 'anggap', 'butuh', 'sekunder', 'pustaka', 'fungsi', 'optimal', 'pustaka', 'sidoarjo', 'aplikasi', 'sidira', 'teliti', 'paham', 'faktorfaktor', 'anggap', 'pengaruh', 'adopsi', 'teknologi', 'sidira', 'masyarakat', 'bentuk', 'rekomendasi', 'dasar', 'evaluasi', 'teliti', 'teliti', 'hubngan', 'variabel', 'bukti', 'postif', 'meprediksi', 'adopsi', 'teknologi', 'sidira', 'masyarakat', 'kab', 'sidoarjo', 'hitung', 'model', 'utaut', 'ii', 'nilai', 'rsquare', 'peubah', 'sidira', 'behavioral', 'intention', 'variabel', 'sidira', 'use', 'behavior', 'lampau', 'nilai', 'kategori', 'nila']"
35,35,0,0.9932,"teliti, pengaruh, data, model, aplikasi, signifikan, variabel, positif, nilai, tingkat","['aplikasi', 'sidoarjo', 'tanggap', 'aplikasi', 'sistem', 'informasi', 'sedia', 'masyarakat', 'kabupaten', 'sidoarjo', 'aplikasi', 'badan', 'tanggulang', 'bencana', 'daerah', 'kabupaten', 'sidoarjo', 'aplikasi', 'informasi', 'kait', 'berita', 'bencana', 'alam', 'peristiwa', 'kabupaten', 'sidoarjo', 'dasar', 'observasi', 'google', 'playstore', 'observasi', 'langsung', 'tanggung', 'aplikasi', 'sigap', 'komentar', 'kait', 'fitur', 'aplikasi', 'nyaman', 'uji', 'ukur', 'tingkat', 'usability', 'think', 'aloud', 'kuesioner', 'system', 'usability', 'scale', 'dasar', 'aspek', 'teliti', 'teknik', 'kumpul', 'data', 'kualitatif', 'kuantitatif', 'ambil', 'data', 'teliti', 'data', 'olah', 'ukur', 'analisis', 'data', 'kualitatif', 'uji', 'statistik', 'rumus', 'hitung', 'kuesioner', 'olah', 'data', 'saran', 'aspek', 'tingkat', 'kualitas', 'sistem', 'aplikasi', 'uji', 'kualitatif', 'tingkat', 'usability', 'aplikasi', 'nilai', 'tingkat', 'usability', 'ratarata', 'kuantitatif', 'tingkat', 'usability', 'aplikasi', 'nilai', 'tingkat', 'usability', 'ratarata', 'beda', 'signifikan', 'sampel', 'data', 'responden', 'kualitatif', 'responden', 'kuantitatif']"
36,36,1,0.5947,"teliti, surabaya, digital, informasi, of, pengaruh, layan, anak, nilai, variabel","['salah', 'faktor', 'layan', 'bas', 'teknologi', 'informasi', 'terima', 'sedia', 'masyarakat', 'layan', 'rendah', 'partisipasi', 'terap', 'mobile', 'jkn', 'pengaruh', 'faktorfaktor', 'teliti', 'tuju', 'terap', 'utaut', 'ukur', 'terima', 'mobile', 'jkn', 'bpjs', 'sehat', 'kabupaten', 'tuban', 'purposive', 'sampling', 'teliti', 'milik', 'responden', 'responden', 'sempls', 'analisis', 'data', 'teliti', 'uji', 'hipotesis', 'effort', 'expectancy', 'social', 'influence', 'personal', 'innovativennese', 'pengaruh', 'signifikan', 'behavioral', 'intention', 'facilitating', 'condition', 'habit', 'personal', 'innovatinnese', 'behavioural', 'intention', 'berpangaruh', 'signifikan', 'use', 'behaviour', 'performance', 'expectancy', 'facilitating', 'condition', 'hedonic', 'motivation', 'price', 'value', 'pengaruh', 'signifikan', 'behaviour', 'intention', 'tanda', 'kualitas', 'bijak', 'aplikasi', 'mobile', 'jkn']"
37,37,0,0.9888,"teliti, pengaruh, data, model, aplikasi, signifikan, variabel, positif, nilai, tingkat","['teknologi', 'pesat', 'salah', 'butuh', 'manusia', 'milik', 'selesai', 'hadap', 'kembang', 'piranti', 'masuk', 'sentuh', 'hand', 'gesture', 'recognition', 'kamera', 'salah', 'bentuk', 'machine', 'learning', 'gestur', 'definisi', 'gera', 'fisik', 'tangan', 'lengan', 'badan', 'pesan', 'ekspresif', 'sistem', 'gestur', 'tangan', 'isi', 'perintah', 'milik', 'arti', 'teliti', 'kembang', 'sistem', 'virtual', 'mouse', 'hand', 'gesture', 'recognition', 'bas', 'hand', 'landmark', 'model', 'pointing', 'device', 'aplikasi', 'jalan', 'perangkat', 'desktop', 'webcam', 'uji', 'menganalisa', 'terap', 'hand', 'landmark', 'model', 'sistem', 'ratarata', 'akurasi', 'sistem', 'capai', 'cepat', 'capai', 'second']"
38,38,0,0.99,"teliti, pengaruh, data, model, aplikasi, signifikan, variabel, positif, nilai, tingkat","['media', 'sosial', 'pengaruh', 'kembang', 'teknologi', 'media', 'sosial', 'orang', 'bebas', 'berkespresi', 'opini', 'twitter', 'salah', 'media', 'sosial', 'masyarakat', 'opini', 'dark', 'jokes', 'tuai', 'reaksi', 'masyarakat', 'dark', 'jokes', 'pro', 'kontra', 'pandang', 'masyarakat', 'pandang', 'masyarakat', 'analisis', 'sentimen', 'tweet', 'twitter', 'analisis', 'sentimen', 'nbc', 'nbc', 'adaboost', 'adaboost', 'optimasi', 'nbc', 'teliti', 'adaboost', 'mengoptimasi', 'nbc', 'nbc', 'akurasi', 'adaboost', 'nbc', 'akurasi', 'adaboost', 'mengoptimasi', 'nbc', 'signifikan', 'data', 'data', 'semiimbalance', 'adaboost', 'data', 'data', 'imbalance', 'klasifikasi', 'sentimen', 'nbc', 'label', 'positif', 'neutral', 'negatif']"
39,39,1,0.9921,"teliti, surabaya, digital, informasi, of, pengaruh, layan, anak, nilai, variabel","['covid', 'sakit', 'tular', 'timbul', 'sarscov', 'perintah', 'bijak', 'social', 'distancing', 'masyarakat', 'meminimalisir', 'tular', 'covid', 'uin', 'sunan', 'ampel', 'surabaya', 'giat', 'offline', 'batas', 'ganti', 'wfh', 'tuju', 'jaga', 'karyawan', 'pegawai', 'karantina', 'produktif', 'terap', 'wfh', 'kerja', 'rumah', 'rintang', 'hambat', 'hadap', 'terap', 'wfh', 'pandemi', 'covid', 'tuntut', 'kerja', 'wfh', 'teknologi', 'informasi', 'media', 'online', 'mudah', 'kerja', 'tuntut', 'cepat', 'paham', 'teliti', 'tuju', 'produktivitas', 'pegawai', 'uin', 'sunan', 'ampel', 'surabaya', 'alami', 'turun', 'literasi', 'digital', 'kuat', 'lemah', 'produktivitas', 'pegawai', 'wfh', 'pandemi', 'covid', 'sempls', 'teliti', 'pengaruh', 'signifikan', 'wfh', 'produktivitas', 'pegawai', 'nilai', 'koefisian', 'jalur', 'literasi', 'digital', 'signifikan', 'memoderasi', 'wfh', 'produktivitas', 'pegawai', 'nilai', 'koefisian', 'jalur', 'statistics', 'values', 'milik', 'nilai']"
40,40,2,0.7124,"teliti, teknologi, risiko, informasi, proses, data, kembang, model, nilai, sistem","['kembang', 'teknologi', 'indonesia', 'pasuk', 'era', 'digitalisasi', 'aktivitas', 'masyarakat', 'teknologi', 'kecuali', 'laku', 'bisnis', 'teknologi', 'alat', 'bantu', 'pasar', 'emarketing', 'gagal', 'adopsi', 'emarketing', 'teliti', 'bahas', 'factor', 'khusus', 'adopsi', 'teknologi', 'informasi', 'teliti', 'adopsi', 'emarketing', 'teliti', 'fokus', 'usaha', 'coffee', 'shop', 'model', 'adopsi', 'utaut', 'model', 'teliti', 'utaut', 'teliti', 'adopsi', 'terima', 'teknologi', 'model', 'milik', 'prediksi', 'konstruk', 'pengaruh', 'adopsi', 'tuju', 'teliti', 'factorfaktor', 'pengaruh', 'adopsi', 'emarketing', 'responden', 'teliti', 'karyawan', 'coffee', 'shop', 'surabaya', 'teliti', 'hipotesis', 'usul', 'teliti', 'hipotesis', 'simpul', 'signifikan', 'milik', 'nilai', 'uji', 'tstatistik', 'uji', 'path', 'teliti', 'faktor', 'pengaruh', 'adopsi', 'emarketing', 'niat', 'effort', 'expectancy', 'nilai', 'uji', 'tstatistik', 'facilitating', 'conditions', 'nilai', 'uji', 'tstatistik', 'habit', 'uji', 'tstatistik', 'faktor', 'pengaruh', 'adopsi', 'emarketing', 'perilaku', 'facilitating', 'conditions', 'nilai', 'uji', 'tstatistik']"
41,41,0,0.9899,"teliti, pengaruh, data, model, aplikasi, signifikan, variabel, positif, nilai, tingkat","['karyawan', 'usaha', 'milik', 'usaha', 'sulit', 'monitoring', 'ukur', 'kerja', 'karyawannya', 'karyawan', 'rumah', 'manfaat', 'teknologi', 'kembang', 'monitoring', 'ukur', 'kerja', 'karyawan', 'pecah', 'aplikasi', 'screen', 'monitor', 'duration', 'bas', 'support', 'vector', 'machine', 'svm', 'bantu', 'milik', 'usaha', 'dasar', 'teliti', 'garis', 'svm', 'klasifikasi', 'kerja', 'karyawan', 'kategori', 'produktif', 'produktif', 'aplikasi', 'kembang', 'svm', 'banding', 'support', 'vector', 'regression', 'svr', 'klasifikasi', 'klasifikasi', 'svm', 'bukti', 'nilai', 'uji', 'root', 'mean', 'square', 'error', 'rmse', 'svm', 'svr', 'teliti', 'utama', 'kontrol', 'monitoring', 'karyawan', 'milik', 'usaha', 'kerja', 'karyawan']"
42,42,2,0.9833,"teliti, teknologi, risiko, informasi, proses, data, kembang, model, nilai, sistem","['iso', 'salah', 'framework', 'manajemen', 'risiko', 'tuju', 'risikorisiko', 'muncul', 'objek', 'teliti', 'milik', 'langkah', 'dasar', 'iso', 'sesuai', 'studi', 'lingkup', 'konteks', 'kriteria', 'ukur', 'risiko', 'identifikasi', 'risiko', 'analisis', 'risiko', 'evaluasi', 'risiko', 'laku', 'risiko', 'susun', 'strategi', 'mitigasi', 'uji', 'coba', 'desain', 'mitigasi', 'rekomendasi', 'mitigasi', 'risiko', 'langkah', 'implementasi', 'objek', 'website', 'ojs', 'rumah', 'jurnal', 'saintek', 'universitas', 'islam', 'negeri', 'sunan', 'ampel', 'cari', 'risikorisiko', 'rentan', 'aman', 'website', 'mitigasi', 'risikorisiko', 'usaha', 'cari', 'rentan', 'risiko', 'tools', 'usaha', 'owasp', 'open', 'web', 'application', 'security', 'project', 'owasp', 'asvs', 'application', 'security', 'verification', 'standard', 'versi', 'owasp', 'zap', 'zed', 'attack', 'proxy', 'risiko', 'rentan', 'aman', 'website', 'langkahlangkah', 'sisa', 'risiko', 'mitigasi', 'mitigasi', 'risiko', 'selesai']"
43,43,2,0.9848,"teliti, teknologi, risiko, informasi, proses, data, kembang, model, nilai, sistem","['kelola', 'uang', 'komputerisasi', 'marak', 'terap', 'bidang', 'usaha', 'komersil', 'instansi', 'didik', 'teliti', 'kait', 'kelola', 'uang', 'komputerisasi', 'salah', 'manfaat', 'teknologi', 'website', 'marak', 'teliti', 'kembang', 'aplikasi', 'sistem', 'informasi', 'uang', 'bas', 'website', 'teknologi', 'rfid', 'tunjang', 'kerja', 'sistem', 'kembang', 'waterfall', 'framework', 'codeigniter', 'tunjang', 'performa', 'aplikasi', 'aplikasi', 'area', 'teliti', 'offline', 'coba', 'langsung', 'aplikasi', 'bantu', 'kerja']"
44,44,0,0.9948,"teliti, pengaruh, data, model, aplikasi, signifikan, variabel, positif, nilai, tingkat","['teliti', 'ambil', 'subjek', 'teliti', 'implementasi', 'siakad', 'stai', 'alanwar', 'sarang', 'golong', 'terap', 'teknologi', 'informasi', 'proses', 'terap', 'seringkali', 'muncul', 'sistem', 'error', 'jadwal', 'krs', 'proses', 'input', 'krs', 'mundur', 'tagih', 'bayar', 'sinkron', 'tampil', 'sistem', 'kerangka', 'teliti', 'hot', 'fit', 'milik', 'komponen', 'sesuai', 'lengkap', 'banding', 'kerangka', 'teori', 'variabel', 'gender', 'teliti', 'duga', 'beda', 'lakilaki', 'perempuan', 'teknologi', 'tuju', 'teliti', 'tingkat', 'terap', 'siakad', 'pengaruh', 'moderasi', 'gender', 'siakad', 'hot', 'fit', 'kuantitatif', 'analisis', 'teliti', 'ambil', 'sampel', 'teknik', 'proportional', 'random', 'sampling', 'data', 'olah', 'smartpls', 'responden', 'teliti', 'tingkat', 'terap', 'siakad', 'stai', 'alanwar', 'masuk', 'kategori', 'skor', 'pengaruh', 'positif', 'signifikan', 'system', 'quality', 'service', 'quality', 'user', 'satisfaction', 'system', 'use', 'structure', 'user', 'satisfaction', 'net', 'benefit', 'pengaruh', 'positif', 'signifikan', 'system', 'quality', 'information', 'quality', 'service', 'quality', 'structure', 'user', 'satisfaction', 'system', 'use', 'net', 'benefit', 'variabel', 'pengaruh', 'negatif', 'signifikan', 'information', 'quality', 'system', 'use', 'gender', 'lemah', 'pengaruh', 'system', 'use', 'net', 'benefit', 'gender', 'kuat', 'pengaruh', 'user', 'satisfaction', 'net', 'benefit']"
45,45,0,0.9952,"teliti, pengaruh, data, model, aplikasi, signifikan, variabel, positif, nilai, tingkat","['informasi', 'saji', 'teknologi', 'media', 'sosial', 'instagram', 'mudah', 'komunitas', 'organisasi', 'lembaga', 'komunitas', 'women', 'studies', 'centre', 'wsc', 'sedia', 'layan', 'adu', 'damping', 'sintas', 'keras', 'perempuan', 'cyber', 'harassment', 'tindak', 'jahat', 'keras', 'dunia', 'maya', 'ruang', 'siber', 'keras', 'bas', 'gender', 'online', 'kbgo', 'akibat', 'korban', 'alami', 'laku', 'adil', 'ganggu', 'asa', 'ancam', 'analis', 'selesai', 'fenomena', 'media', 'sosial', 'praktisi', 'profesional', 'konseling', 'konselor', 'praktik', 'perilaku', 'manusia', 'sesuai', 'aspekaspek', 'psikologis', 'analisis', 'critical', 'incident', 'technique', 'cit', 'olah', 'data', 'teliti', 'content', 'analysis', 'kualitatif', 'induktif', 'data', 'wawancara', 'olah', 'data', 'insiden', 'kritis', 'frekuensi', 'kode', 'kategori', 'muncul', 'teknologi', 'informasi', 'kode', 'tantang', 'komunikasi', 'kode', 'frekuensi', 'instagram', 'cari', 'informasi', 'sintas', 'akun', 'instagram', 'masingmasing', 'kode', 'faktor', 'konseling', 'gantung', 'situasi', 'kondisi', 'sharing', 'knowledge', 'konselor', 'lapor', 'instagram', 'fitur', 'variatif', 'instagram', 'masingmasing', 'frekuensi', 'muncul', 'kode', 'kategori', 'masuk', 'insiden', 'kritis', 'pro', 'sisa', 'insiden', 'kritis', 'kontra', 'analisis', 'jenuh', 'data', 'insiden', 'kritis', 'pro', 'sesuai', 'tuju', 'teliti', 'media', 'sosial', 'instagram', 'praktisi', 'profesional', 'konseling', 'sintas', 'cyber', 'harassment', 'cit', 'media', 'sosial', 'instagram', 'bukti', 'ruang', 'lingkup', 'profesional', 'evaluasi', 'praktisi', 'kembang', 'praktik', 'profesional', 'kualitas', 'rekomendasi']"
46,46,0,0.9909,"teliti, pengaruh, data, model, aplikasi, signifikan, variabel, positif, nilai, tingkat","['qris', 'kode', 'qr', 'standar', 'kembang', 'bank', 'indonesia', 'mudah', 'transaksi', 'mobile', 'payment', 'indonesia', 'adopsi', 'qris', 'tingkat', 'opini', 'publik', 'alam', 'masyarakat', 'media', 'sosial', 'twitter', 'teliti', 'tuju', 'sentimen', 'masyarakat', 'topik', 'dominan', 'kait', 'qris', 'indonesia', 'vader', 'lda', 'teliti', 'sentimen', 'masyarakat', 'qris', 'positif', 'sentimen', 'negatif', 'sentimen', 'netral', 'akurasi', 'label', 'sentimen', 'enam', 'topik', 'dominan', 'muncul', 'tweets', 'positif', 'cv', 'topik', 'dominan', 'tweets', 'negatif', 'cv', 'bukti', 'qris', 'indonesia', 'respon', 'positif', 'masyarakat', 'analisis', 'topik', 'sentimen', 'positif', 'negatif', 'topiktopik', 'negatif', 'identifikasi', 'wawas', 'harga', 'tingkat', 'sistem', 'qris', 'stakeholders', 'perhati', 'feedback', 'positif', 'negatif', 'kembang', 'qris', 'indonesia']"
47,47,0,0.9916,"teliti, pengaruh, data, model, aplikasi, signifikan, variabel, positif, nilai, tingkat","['teliti', 'tuju', 'sentimen', 'tweets', 'kandung', 'unsur', 'sara', 'suku', 'agama', 'ras', 'golong', 'analisis', 'sentimen', 'tweets', 'bahasa', 'indonesia', 'twitter', 'platform', 'media', 'sosial', 'perintah', 'batas', 'katakata', 'acu', 'unsur', 'sara', 'tweets', 'dataset', 'isi', 'tweets', 'analisis', 'teliti', 'deep', 'learning', 'model', 'indobert', 'bas', 'bert', 'arsitektur', 'transformer', 'model', 'svm', 'support', 'vector', 'machine', 'banding', 'performa', 'teliti', 'model', 'indobert', 'milik', 'akurasi', 'banding', 'model', 'svm', 'nilai', 'indobert', 'svm', 'analisis', 'sentimen', 'model', 'tweets', 'sentimen', 'positif', 'cenderung', 'islam', 'jawa', 'muslim', 'rujuk', 'identitas', 'agama', 'suku', 'katakata', 'cenderung', 'tweets', 'sentimen', 'negatif', 'agama', 'jawa', 'orang', 'acu', 'identitas', 'agama', 'suku']"
48,48,1,0.5175,"teliti, surabaya, digital, informasi, of, pengaruh, layan, anak, nilai, variabel","['dasar', 'lapor', 'badan', 'nasional', 'tanggulang', 'bencana', 'bnbp', 'wilayah', 'jawa', 'timur', 'salah', 'wilayah', 'rawan', 'bencana', 'banjir', 'kali', 'kategori', 'tingkat', 'parah', 'rendah', 'upaya', 'perintah', 'sebar', 'informasi', 'banjir', 'media', 'sosial', 'twitter', 'manfaat', 'data', 'twitter', 'bidang', 'text', 'classification', 'support', 'vector', 'machine', 'svm', 'ekstraksi', 'klasifikasi', 'informasi', 'domain', 'bencana', 'teliti', 'tuju', 'bantu', 'masyarakat', 'perintah', 'informasi', 'tingkat', 'parah', 'banjir', 'jawa', 'timur', 'svm', 'extraction', 'feature', 'tfidfvectorizer', 'dataset', 'training', 'testing', 'model', 'svm', 'multiclass', 'ovr', 'kernel', 'rbf', 'divalidasi', 'fold', 'cross', 'validation', 'model', 'performa', 'nilai', 'accuracy', 'fscore', 'auc', 'class', 'rendah', 'auc', 'class', 'auc', 'class', 'logloss', 'dasar', 'simpul', 'model', 'milik', 'klasifikasi', 'tingkat', 'parah', 'banjir']"
49,49,0,0.5169,"teliti, pengaruh, data, model, aplikasi, signifikan, variabel, positif, nilai, tingkat","['kembang', 'teknologi', 'informasi', 'digitalisasi', 'pesat', 'dorong', 'kalang', 'kembang', 'inovasi', 'digitalisasi', 'kembang', 'cipta', 'inovasi', 'perban', 'digital', 'digital', 'bank', 'hadir', 'layan', 'digital', 'bank', 'peluang', 'tantang', 'era', 'digital', 'ekonomi', 'minat', 'digital', 'bank', 'analis', 'faktor', 'pengaruh', 'niat', 'digital', 'bank', 'sukses', 'digital', 'bank', 'teliti', 'model', 'technology', 'continuance', 'theory', 'tct', 'variabel', 'trust', 'security', 'privacy', 'teliti', 'tuju', 'faktor', 'milik', 'pengaruh', 'niat', 'digital', 'bank', 'teliti', 'kuantitatif', 'survei', 'kuesioner', 'responden', 'digital', 'bank', 'jago', 'bank', 'neo', 'bank', 'jenius', 'bank', 'sea', 'bank', 'blu', 'bank', 'olah', 'data', 'sempls', 'bantu', 'software', 'smartpls', 'trust', 'perceived', 'usefulness', 'attitude', 'faktor', 'utama', 'pengaruh', 'niat', 'continuance', 'intention', 'digital', 'bank', 'satisfaction', 'temu', 'milik', 'pengaruh', 'continuance', 'intention']"
50,50,1,0.9975,"teliti, surabaya, digital, informasi, of, pengaruh, layan, anak, nilai, variabel","['digital', 'library', 'digilib', 'is', 'database', 'that', 'is', 'used', 'to', 'store', 'library', 'data', 'in', 'form', 'of', 'books', 'or', 'written', 'works', 'which', 'can', 'only', 'be', 'accessed', 'online', 'this', 'database', 'offers', 'easy', 'access', 'to', 'data', 'search', 'because', 'it', 'can', 'be', 'accessed', 'anywhere', 'and', 'at', 'any', 'time', 'digital', 'library', 'is', 'also', 'digital', 'collection', 'center', 'at', 'uin', 'sunan', 'ampel', 'surabaya', 'however', 'until', 'now', 'use', 'of', 'digital', 'library', 'at', 'uin', 'sunan', 'ampel', 'surabaya', 'still', 'feels', 'not', 'optimal', 'this', 'is', 'because', 'there', 'is', 'no', 'measurement', 'related', 'to', 'acceptance', 'from', 'use', 'of', 'digital', 'libraries', 'by', 'uin', 'sunan', 'ampel', 'surabaya', 'students', 'so', 'this', 'research', 'uses', 'content', 'analysis', 'theory', 'to', 'make', 'measurements', 'furthermore', 'analysis', 'uses', 'help', 'of', 'computerassisted', 'qualitative', 'data', 'analysis', 'software', 'caqdas', 'with', 'nvivo', 'software', 'this', 'study', 'used', 'qualitative', 'method', 'consisting', 'of', 'processes', 'namely', 'document', 'study', 'interview', 'acceptance', 'level', 'analysis', 'after', 'collecting', 'data', 'from', 'sources', 'and', 'interviews', 'acceptance', 'level', 'analysis', 'was', 'carried', 'out', 'using', 'nvivo', 'software', 'this', 'study', 'obtained', 'results', 'in', 'form', 'of', 'hierarki', 'chart', 'tree', 'map', 'hierarki', 'chart', 'sunburst', 'and', 'word', 'cloud', 'from', 'two', 'illustrations', 'following', 'facts', 'are', 'obtained', 'digilib', 'is', 'important', 'on', 'theme', 'of', 'students', 'who', 'are', 'more', 'comfortable', 'visiting', 'library', 'than', 'using', 'digilib', 'digilib', 'is', 'difficult', 'to', 'use', 'for', 'students', 'who', 'actively', 'use', 'digilib', 'instead', 'of', 'visiting', 'library', 'digilib', 'is', 'useful', 'for', 'providing', 'lots', 'of', 'references', 'on', 'performance', 'aspect', 'digilib', 'does', 'not', 'require', 'effort', 'more', 'on', 'effort', 'aspect', 'friends', 'agree', 'to', 'use', 'digilib', 'on', 'social', 'aspect', 'no', 'need', 'for', 'other', 'equipment', 'on', 'facilitating', 'condition', 'aspect', 'and', 'improve', 'access', 'on', 'elaboration', 'of', 'sources', 'results', 'of', 'analysis', 'of', 'these', 'answers', 'can', 'be', 'concluded', 'that', 'acceptance', 'of', 'digilib', 'by', 'students', 'at', 'uin', 'sunan', 'ampel', 'surabaya', 'was', 'well', 'received', 'along', 'with', 'constructive', 'answers']"
51,51,1,0.9914,"teliti, surabaya, digital, informasi, of, pengaruh, layan, anak, nilai, variabel","['teknologi', 'informasi', 'ti', 'kembang', 'pesat', 'kembang', 'dampak', 'organisasi', 'usaha', 'sektor', 'ranah', 'aman', 'aman', 'informasi', 'upaya', 'lindung', 'aset', 'informasi', 'maksud', 'lindung', 'infrastruktur', 'teknologi', 'informasi', 'ganggu', 'internal', 'eksternal', 'jaring', 'lokasi', 'objek', 'teliti', 'tvri', 'jawa', 'timur', 'kumpul', 'data', 'wawancara', 'narasumber', 'staff', 'it', 'tvri', 'jawa', 'timur', 'pedoman', 'bssn', 'no', 'indeks', 'aman', 'informasi', 'output', 'teliti', 'rekomendasi', 'standard', 'operating', 'procedure', 'sop', 'lengkap', 'alur', 'prosedur', 'sop', 'autentikasi', 'manajemen', 'sesi', 'kontrol', 'akses', 'dokumen', 'rekomendasi', 'sop', 'uji', 'implementasi', 'audit', 'internal', 'dampak', 'aman', 'informasi', 'tvri', 'jawa', 'timur', 'teliti', 'batas', 'dokumen', 'rekomendasi', 'aman', 'sop', 'teliti', 'evaluasi', 'efektif', 'dokumen', 'sop', 'aman', 'informasi', 'tvri', 'jawa', 'timur']"
52,52,1,0.9944,"teliti, surabaya, digital, informasi, of, pengaruh, layan, anak, nilai, variabel","['unit', 'it', 'xyz', 'instansi', 'milik', 'guru', 'layan', 'information', 'comunication', 'and', 'technology', 'ict', 'tugas', 'jalan', 'semuatentang', 'teknologi', 'informasi', 'olah', 'data', 'butuh', 'guru', 'informasi', 'mahasiswa', 'dosen', 'jalan', 'proses', 'operasional', 'ancam', 'bencana', 'ganggu', 'layan', 'asset', 'it', 'unit', 'it', 'disaster', 'recovery', 'plan', 'solusi', 'instansi', 'cegah', 'meminimalisir', 'jalan', 'proses', 'operasional', 'tuju', 'teliti', 'identifikasi', 'bencana', 'rancang', 'dokumen', 'drp', 'framework', 'nist', 'alternatif', 'pedoman', 'serang', 'sistem', 'bencana', 'alam', 'ganggu', 'it', 'drp', 'pedoman', 'kualitas', 'sistem', 'susun', 'drp', 'unit', 'it', 'xyz', 'tahap', 'risk', 'assesment', 'identifikasi', 'analisis', 'resiko', 'qra', 'quantitive', 'risk', 'analysis', 'analisa', 'dampak', 'bisnis', 'strategy', 'recovery', 'sesuai', 'pedoman', 'framework', 'national', 'insitute', 'standart', 'of', 'technology', 'nist', 'teliti', 'analisis', 'qra', 'jenis', 'aset', 'server', 'rugi', 'finansial', 'nominal', 'rp', 'jenis', 'ancam', 'milik', 'rugi', 'kendali', 'gempa', 'bumi', 'nominal', 'rp', 'layan', 'it', 'ancam', 'analisis', 'risiko', 'qra', 'ancam', 'ganggu', 'layan', 'it', 'langsung', 'proses', 'operasional', 'teliti', 'dokumen', 'drp', 'sesuai', 'kondisi', 'internal', 'unit', 'it', 'xyz']"
53,53,0,0.9897,"teliti, pengaruh, data, model, aplikasi, signifikan, variabel, positif, nilai, tingkat","['tanda', 'masuk', 'salat', 'fardhu', 'kumandang', 'kali', 'azan', 'syiar', 'islam', 'variasi', 'irama', 'azan', 'lingkung', 'masyarakat', 'muazin', 'kenal', 'perihal', 'maqam', 'azan', 'lantun', 'voice', 'recognition', 'bas', 'mel', 'frequency', 'cepstral', 'coefficient', 'mfcc', 'klasifikasi', 'mengunakan', 'multilayer', 'perceptron', 'mlp', 'nali', 'azan', 'irama', 'beda', 'rast', 'bayati', 'ajam', 'nahawand', 'hijaz', 'teliti', 'ukur', 'performa', 'kenal', 'irama', 'azan', 'mfcc', 'mlp', 'implementasi', 'model', 'tingkat', 'akurasi', 'ambil', 'simpul', 'performa', 'mfcc', 'mlp', 'nali', 'irama', 'azan', 'indikasi', 'overfitting', 'model', 'klasifikasi']"
54,54,2,0.9924,"teliti, teknologi, risiko, informasi, proses, data, kembang, model, nilai, sistem","['harga', 'pasar', 'saham', 'salah', 'signifikan', 'pasar', 'finansial', 'turun', 'harga', 'faktor', 'lokal', 'iklim', 'ekonomi', 'global', 'kondisi', 'politik', 'aktivitas', 'pasar', 'dampak', 'pengaruh', 'harga', 'pasar', 'saham', 'gera', 'saham', 'sulit', 'tebak', 'investor', 'hatihati', 'beli', 'saham', 'tahan', 'saham', 'milik', 'bantu', 'investor', 'putus', 'optimal', 'butuh', 'langkah', 'prediksi', 'perilaku', 'harga', 'pasar', 'saham', 'teliti', 'prediksi', 'harga', 'tutup', 'saham', 'telekomunikasi', 'indonesia', 'teliti', 'prediksi', 'univariat', 'tuju', 'teliti', 'implementasi', 'model', 'prediksi', 'harga', 'saham', 'pttelekomunikasi', 'indonesia', 'svm', 'uji', 'skenario', 'penginputan', 'windowsize', 'fungsi', 'kernel', 'parameter', 'model', 'parameter', 'kernel', 'parameter', 'degree', 'kernel', 'polynomial', 'gamma', 'kernel', 'rbf', 'model', 'fungsi', 'kernel', 'optimal', 'kernel', 'polynomial', 'ukur', 'windowsize', 'rmse', 'mape', 'simpul', 'performa', 'kernel', 'polynomial', 'milik', 'kuat', 'akurasi']"
55,55,2,0.992,"teliti, teknologi, risiko, informasi, proses, data, kembang, model, nilai, sistem","['adaptasi', 'teknologi', 'informasi', 'organisasi', 'tingkat', 'semenjak', 'pandemi', 'covid', 'tingkat', 'teknologi', 'informasi', 'tuntun', 'atur', 'ketat', 'aman', 'informasi', 'tuntut', 'organisasi', 'saran', 'terap', 'manajemen', 'risiko', 'teknologi', 'informasi', 'aman', 'informasi', 'aset', 'ti', 'milik', 'manajemen', 'risiko', 'butuh', 'kerangka', 'kerja', 'tunjang', 'proses', 'manajemen', 'risiko', 'isoiec', 'salah', 'kerangka', 'manajemen', 'risiko', 'teknologi', 'informasi', 'saran', 'kerangka', 'kerja', 'pandu', 'manajemen', 'risiko', 'teknologi', 'informasi', 'organisasi', 'dokumen', 'kerangka', 'kerja', 'isoiec', 'spesifik', 'sedia', 'organisasi', 'kelola', 'risiko', 'teliti', 'tuju', 'kembang', 'model', 'data', 'perangkat', 'manajemen', 'teknologi', 'informasi', 'sesuai', 'isoiec', 'teliti', 'kualitatif', 'teliti', 'model', 'data', 'kumpul', 'entitas', 'atribut', 'tunjang', 'pedoman', 'praktik', 'manajemen', 'risiko', 'teknologi', 'informasi']"
56,56,2,0.9931,"teliti, teknologi, risiko, informasi, proses, data, kembang, model, nilai, sistem","['tingkat', 'teliti', 'indoenesia', 'publikasi', 'teliti', 'ilmiah', 'tingkat', 'selaras', 'tren', 'tingkat', 'publikasi', 'ilmiah', 'indonesia', 'salah', 'analis', 'tren', 'salah', 'cabang', 'ilmu', 'data', 'mining', 'topic', 'modeling', 'salah', 'populer', 'topic', 'modeling', 'lda', 'latent', 'dirichlet', 'allocation', 'teliti', 'teliti', 'analisis', 'tren', 'topik', 'sistem', 'informasi', 'indonesia', 'teliti', 'data', 'baris', 'dokumen', 'total', 'jurnal', 'kumpul', 'data', 'proses', 'preprocessing', 'bentuk', 'model', 'bag', 'of', 'words', 'cari', 'topik', 'lda', 'teliti', 'topic', 'coherence', 'topik', 'model', 'topik', 'topic', 'coherence', 'topik', 'visualisasi', 'bentuk', 'model', 'ideal', 'topik', 'rang', 'topik', 'teliti', 'topik', 'representasi', 'topik', 'teknologi', 'topik', 'sistem', 'cerdas', 'topik', 'manajemen', 'teliti', 'topik', 'teknologi', 'topik', 'populer', 'angkat', 'teliti', 'sistem', 'informasi', 'topik', 'sistem', 'cerdas', 'topik', 'manajemen', 'jarang', 'angkat', 'teliti', 'sistem', 'informasi']"
57,57,2,0.9921,"teliti, teknologi, risiko, informasi, proses, data, kembang, model, nilai, sistem","['teknologi', 'informasi', 'komunikasi', 'selenggara', 'perintah', 'indonesia', 'era', 'globalisasi', 'tuntut', 'sektor', 'publik', 'sektor', 'swasta', 'integrasi', 'teknologi', 'egovernment', 'salah', 'terap', 'teknologi', 'informasi', 'wujud', 'layan', 'perintah', 'profesional', 'dukung', 'revolusi', 'industri', 'sesuai', 'arah', 'presiden', 'pres', 'no', 'systematic', 'literatur', 'review', 'slr', 'teliti', 'nilai', 'tafsir', 'identifikasi', 'bukti', 'teliti', 'rancang', 'picoc', 'rancang', 'reasearch', 'question', 'rq', 'alas', 'cocok', 'rumus', 'rq', 'milik', 'elemen', 'lengkap', 'teliti', 'tren', 'topik', 'teliti', 'bidang', 'egovernment', 'indonesia', 'topik', 'aplikasi', 'spbe', 'tren', 'teliti', 'bidang', 'sistem', 'informasi', 'surveyinterview', 'tantang', 'teliti', 'bidang', 'egovernment', 'indonesia', 'lack', 'of', 'ict', 'infrastructure', 'open', 'question', 'muat', 'teliti', 'rujuk', 'ambil', 'topik', 'teliti', 'kembang', 'egovernment', 'indonesia']"
58,58,1,0.7109,"teliti, surabaya, digital, informasi, of, pengaruh, layan, anak, nilai, variabel","['business', 'process', 'risk', 'management', 'integrated', 'method', 'bprim', 'integrasi', 'bidang', 'business', 'process', 'management', 'bpm', 'manajemen', 'risiko', 'bprim', 'organisasi', 'perhati', 'tingkat', 'sadar', 'risiko', 'konteks', 'proses', 'bisnis', 'tahap', 'bprim', 'contextualize', 'risk', 'assessment', 'risk', 'treatment', 'monitoring', 'tuju', 'teliti', 'tingkat', 'level', 'kategori', 'risiko', 'aplikasi', 'digital', 'korlantas', 'aplikasi', 'aju', 'sim', 'teliti', 'kualitatif', 'implementasi', 'bprim', 'temu', 'kode', 'risiko', 'acceptable', 'risk', 'acceptable', 'risk', 'under', 'control', 'tujuh', 'unacceptable', 'risk', 'dampak', 'bahaya', 'akibat', 'tujuh', 'unacceptable', 'risk', 'turun', 'rating', 'aplikasi', 'play', 'store', 'turun', 'kualitas', 'layan', 'masyarakat']"
59,59,2,0.9937,"teliti, teknologi, risiko, informasi, proses, data, kembang, model, nilai, sistem","['permenpanrb', 'no', 'nilai', 'risiko', 'sikap', 'risiko', 'standar', 'acu', 'pandu', 'proses', 'manajemen', 'risiko', 'identifikasi', 'risiko', 'permenpanrb', 'no', 'bukti', 'kontribusi', 'manajemen', 'risiko', 'aman', 'informasi', 'aset', 'bijak', 'model', 'sumber', 'daya', 'operasional', 'manajemen', 'risiko', 'bantu', 'strategi', 'manajemen', 'risiko', 'giat', 'audit', 'komunikasi', 'interaksi', 'mang', 'internal', 'eksternal', 'partisipasi', 'fase', 'rencana', 'informasi', 'kirim', 'data', 'kumpul', 'teliti', 'laksana', 'komunikasi', 'langsung', 'wawancara', 'mang', 'kait', 'teliti', 'desain', 'perangkat', 'nilai', 'risiko', 'dasar', 'permenpanrb', 'no', 'formulir', 'formulir', 'halaman', 'sampul', 'risk', 'regiter', 'formulir', 'runtut', 'informasiinformasi', 'putar', 'upr', 'formulir', 'rancang', 'risk', 'register', 'formulir', 'tindak', 'risiko', 'identifikasi', 'formulir', 'lapor', 'risikorisiko', 'tangan', 'proses', 'implementasi', 'fungsi', 'unit', 'patuh', 'risiko', 'manfaat', 'bantu', 'nilai', 'risiko', 'mudah', 'perangkat', 'nilai', 'risiko', 'muat', 'akibat', 'risiko', 'desain', 'perangkat', 'nilai', 'risiko', 'total', 'desain', 'perangkat', 'nilai', 'risiko']"
60,60,0,0.995,"teliti, pengaruh, data, model, aplikasi, signifikan, variabel, positif, nilai, tingkat","['layan', 'publik', 'mediator', 'perintah', 'layan', 'butuh', 'masyarakat', 'kembang', 'teknologi', 'mudah', 'aparatur', 'negara', 'daerah', 'layan', 'publik', 'aplikasi', 'egovernment', 'dinas', 'komunikasi', 'informatika', 'kota', 'pasuruan', 'coba', 'selenggara', 'aplikasi', 'esambat', 'teliti', 'tuju', 'paham', 'kait', 'kualitas', 'layan', 'esambat', 'dasar', 'dimensi', 'egovqual', 'gap', 'kerja', 'esambat', 'harap', 'masyarakat', 'aplikasi', 'esambat', 'item', 'prioritas', 'aplikasi', 'esambat', 'teliti', 'kuantitatif', 'deskriptif', 'manfaat', 'instrumen', 'teliti', 'bentuk', 'kuesioner', 'buku', 'analis', 'layak', 'aplikasi', 'gap', 'important', 'performance', 'analysis', 'menganalisa', 'item', 'prioritas', 'benah', 'responden', 'teliti', 'responden', 'dasar', 'analisa', 'kualitas', 'layan', 'aplikasi', 'esambat', 'layak', 'nilai', 'persentase', 'layak', 'gap', 'kerja', 'aplikasi', 'harap', 'masyarakat', 'variabel', 'mudah', 'ease', 'of', 'use', 'variabel', 'percaya', 'trust', 'variabel', 'functionality', 'of', 'interaction', 'environment', 'variabel', 'kehandalan', 'reliability', 'variabel', 'isi', 'tampil', 'informasi', 'content', 'and', 'appearance', 'of', 'information', 'variabel', 'dukung', 'masyarakat', 'citizen', 'support', 'ratarata', 'gap', 'masyarakat', 'puas', 'layan', 'aplikasi', 'esambat', 'enam', 'item', 'prioritas', 'tr', 'aman', 'data', 'pribadi', 'esambat', 'tr', 'akses', 'kontrol', 'esambat', 'rlb', 'cepat', 'unduh', 'formulir', 'esambat', 'cai', 'warna', 'aplikasi', 'esambat', 'cai', 'grafis', 'aplikasi', 'esambat', 'cs', 'cepat']"
61,61,2,0.9929,"teliti, teknologi, risiko, informasi, proses, data, kembang, model, nilai, sistem","['implementasi', 'egovernment', 'salah', 'bentuk', 'transformasi', 'digital', 'bidang', 'perintah', 'tuju', 'tingkat', 'proses', 'layan', 'publik', 'efisen', 'efektif', 'sifat', 'transparan', 'egovernment', 'indonesia', 'terap', 'tahap', 'butuh', 'koordinasi', 'kementerianlembagapemerintah', 'daerah', 'terap', 'maksimal', 'atur', 'regulasi', 'perintah', 'pusat', 'teliti', 'tuju', 'gambar', 'proses', 'kembang', 'implementasi', 'egovernment', 'indonesia', 'dasar', 'regulasi', 'egovernment', 'instansi', 'pusat', 'indekspengukuran', 'implementasi', 'egovernment', 'indonesia', 'analisis', 'kesiap', 'matang', 'kembang', 'egovernment', 'teliti', 'kualitatif', 'studi', 'gun', 'data', 'sekunder', 'regulasi', 'perintah', 'nilai', 'pegi', 'nilai', 'indeks', 'spbe', 'teliti', 'indonesia', 'implementasi', 'egovernment', 'spbe', 'dasar', 'regulasi', 'bahas', 'topik', 'teknologi', 'informas', 'layan', 'publik', 'bahas', 'dominan', 'topik', 'bahas', 'dasar', 'regulasi', 'kumpul', 'regulasi', 'bahas', 'spbe', 'persentase', 'indekspengukuran', 'terap', 'alami', 'kembang', 'signifikan', 'studi', 'provinsi', 'jawa', 'ratarata', 'indeksa', 'menujukkan', 'tingkat', 'indeks', 'spbe', 'maturity', 'level']"
62,62,2,0.9885,"teliti, teknologi, risiko, informasi, proses, data, kembang, model, nilai, sistem","['minat', 'masyarakat', 'saham', 'alami', 'tumbuh', 'eksponensial', 'return', 'of', 'investment', 'cepat', 'untung', 'amal', 'saham', 'bantu', 'investor', 'saham', 'transaksi', 'amal', 'saham', 'tantang', 'karakteristik', 'data', 'jalan', 'acak', 'linier', 'volatile', 'amal', 'saham', 'teliti', 'lstm', 'ramal', 'harga', 'saham', 'lstm', 'pilih', 'afiliasi', 'jangka', 'data', 'sequence', 'kompleksitas', 'teknik', 'dropout', 'cegah', 'overfitting', 'tingkat', 'performa', 'lstm', 'data', 'data', 'saham', 'aaliastra', 'agro', 'lestari', 'tbk', 'lstm', 'dropout', 'akurasi', 'amal', 'hinga', 'tuning', 'parameter', 'dropout', 'akurasi']"
63,63,0,0.9949,"teliti, pengaruh, data, model, aplikasi, signifikan, variabel, positif, nilai, tingkat","['inovasi', 'teknologi', 'kembang', 'sektor', 'masyarakat', 'perban', 'digitalisasi', 'perban', 'indonesia', 'tingkat', 'tingkat', 'perban', 'upaya', 'kualitas', 'layan', 'mobile', 'banking', 'tingkat', 'layan', 'optimal', 'efektif', 'nasabah', 'bpd', 'jawa', 'timur', 'bank', 'jatim', 'tingkat', 'layan', 'branding', 'digital', 'banking', 'luncur', 'layan', 'mbanking', 'jconnect', 'mobile', 'dasar', 'data', 'aplikasi', 'jconnect', 'mobile', 'rating', 'rendah', 'evaluasi', 'aspek', 'user', 'experience', 'usability', 'continuance', 'intention', 'dukung', 'proyeksi', 'arah', 'puas', 'niat', 'tuju', 'teliti', 'ukur', 'tingkat', 'evaluasi', 'user', 'experience', 'usability', 'pengaruh', 'continuance', 'intention', 'kuantitatif', 'teliti', 'sebar', 'kuesioner', 'responden', 'evaluasi', 'user', 'experience', 'user', 'experience', 'questionnaire', 'ueq', 'usability', 'system', 'usability', 'scale', 'sus', 'ukur', 'pengaruh', 'continuance', 'intention', 'analisis', 'regresi', 'linear', 'aplikasi', 'spss', 'evaluasi', 'ueq', 'skala', 'perspicuity', 'dependability', 'kategori', 'good', 'skala', 'attractiveness', 'efficiency', 'stimulation', 'kategori', 'above', 'average', 'skala', 'novelty', 'kategori', 'below', 'average', 'sus', 'skor', 'grade', 'kategori', 'adjective', 'good', 'kategori', 'terima', 'acceptable', 'uji', 'hipotesis', 'hipotesis', 'tolak', 'hipotesis', 'terima', 'simpul', 'aspek', 'pengaruh', 'user', 'satisfaction', 'continuance', 'intention', 'perspicuity', 'efficiency', 'novelty', 'usability']"
64,64,2,0.9895,"teliti, teknologi, risiko, informasi, proses, data, kembang, model, nilai, sistem","['kembang', 'teknologi', 'hidup', 'era', 'kembang', 'pesat', 'kembang', 'nama', 'era', 'disrupsi', 'teknologi', 'era', 'disrupsi', 'teknologi', 'akibat', 'dampak', 'positif', 'negatif', 'proses', 'interaksi', 'proses', 'interaksi', 'kandung', 'sikap', 'perilaku', 'terap', 'sikap', 'perilaku', 'nama', 'kultur', 'iring', 'kembang', 'zaman', 'kultur', 'pudar', 'akibat', 'pengaruh', 'kembang', 'teknologi', 'tuju', 'teliti', 'identifikasi', 'analis', 'kulturkultur', 'indonesia', 'teliti', 'kualitatif', 'studi', 'literatur', 'data', 'sekunder', 'data', 'jurnal', 'analis', 'telaah', 'data', 'kumpul', 'mesin', 'telusur', 'google', 'scholar', 'teliti', 'kultur', 'milik', 'bangsa', 'indonesia', 'kultur', 'dasar', 'framework', 'digital', 'quotient', 'kultur', 'milik', 'arti', 'surat', 'kandung', 'alquran', 'hadits']"
65,65,0,0.9938,"teliti, pengaruh, data, model, aplikasi, signifikan, variabel, positif, nilai, tingkat","['implementasi', 'teknologi', 'informsai', 'tingkat', 'kualitas', 'layan', 'publik', 'fungsi', 'egoverment', 'blitar', 'genggam', 'bdg', 'layan', 'egoventment', 'warga', 'kabupaten', 'blitar', 'cari', 'informasi', 'mohon', 'informasi', 'perintah', 'kabupaten', 'blitar', 'bangun', 'kota', 'peran', 'masyarakat', 'dengsn', 'terima', 'ubah', 'perintah', 'adopsi', 'aplikasi', 'bdg', 'teliti', 'tuju', 'faktor', 'faktor', 'pengaruh', 'terima', 'masyarakat', 'aplikasi', 'bdg', 'model', 'technology', 'readiness', 'accpetance', 'model', 'tram', 'and', 'end', 'user', 'computing', 'satisfaction', 'eucs', 'teliti', 'kuantitatif', 'sumber', 'data', 'sumber', 'data', 'primer', 'sebar', 'kuesioner', 'kumpul', 'data', 'sebar', 'kuesioner', 'online', 'responden', 'data', 'teliti', 'olah', 'sempls', 'dasar', 'teliti', 'terima', 'aplikasi', 'bdg', 'kabupaten', 'blitar', 'pengaruh', 'faktor', 'technology', 'readiness', 'positive', 'perceived', 'ease', 'of', 'use', 'perceived', 'usefulness', 'intention', 'to', 'use', 'accuracy', 'timeline', 'format', 'user', 'satisfaction', 'uji', 'hipotesis', 'variabel', 'tram', 'bukti', 'hipotesis', 'terima', 'pengaruh', 'signifikan', 'uji', 'hipotesis', 'variabel', 'eucs', 'menunjjukan', 'hipotesis', 'terima', 'pengaruh', 'signifikan']"
66,66,0,0.9936,"teliti, pengaruh, data, model, aplikasi, signifikan, variabel, positif, nilai, tingkat","['pariwisata', 'indonesia', 'peringkat', 'dunia', 'dasar', 'data', 'kunjung', 'wisata', 'online', 'dakuwison', 'wisatawan', 'kunjung', 'kabupaten', 'gresik', 'turun', 'banding', 'bijak', 'ppkm', 'hilang', 'dampak', 'unjung', 'wisata', 'tuju', 'teliti', 'analisis', 'sentimen', 'ulas', 'persepsi', 'unjung', 'kait', 'objek', 'wisata', 'kabupaten', 'gresik', 'support', 'vector', 'machine', 'svm', 'linear', 'discriminant', 'analysis', 'lda', 'data', 'proses', 'web', 'scraping', 'ulas', 'teliti', 'model', 'svm', 'lda', 'nilai', 'fscore', 'banding', 'model', 'svm', 'lda', 'nilai', 'fscore', 'terap', 'lda', 'turun', 'kompleksitas', 'prediksi', 'sentimen', 'reduksi', 'dimensi', 'lda', 'cepat', 'prediksi', 'model', 'klasifikasi', 'sentimen', 'sentimen', 'unjung', 'masyarakat', 'cenderung', 'positif', 'dasar', 'klasifikasi', 'sentimen', 'ulas', 'ulas', 'positif', 'ulas', 'negatif', 'ulas', 'netral', 'frekuensi', 'kondisi', 'wisata', 'kabupaten', 'gresik', 'bagus', 'bersih', 'frekuensi', 'sentimen', 'negatif', 'wisata', 'indikasi', 'harga', 'tiket', 'masuk', 'mahal', 'nyata', 'dukung', 'tiket', 'masuk', 'sentimen', 'negatif']"
67,67,0,0.9945,"teliti, pengaruh, data, model, aplikasi, signifikan, variabel, positif, nilai, tingkat","['ebook', 'salah', 'media', 'hadir', 'iring', 'kembang', 'zaman', 'sektor', 'didik', 'ebook', 'versi', 'digital', 'manfaat', 'banding', 'versi', 'cetak', 'agam', 'manfaat', 'ebook', 'nilai', 'dampak', 'negatif', 'stress', 'teliti', 'usul', 'technostress', 'kondisi', 'batas', 'gender', 'memoderasi', 'pengaruh', 'hubung', 'manfaat', 'puas', 'book', 'proportionate', 'stratified', 'random', 'sampling', 'pilih', 'dasar', 'sesuai', 'kondisi', 'populasi', 'sampel', 'model', 'uji', 'expectation', 'confirmation', 'model', 'ecm', 'uji', 'mahasiswa', 'universitas', 'islam', 'negeri', 'sunan', 'ampel', 'surabaya', 'responden', 'manfaat', 'puas', 'milik', 'pengaruh', 'hubung', 'signifikan', 'variabel', 'moderator', 'technostress', 'temu', 'efek', 'positif', 'memoderasi', 'hubung', 'manfaat', 'temu', 'efek', 'negatif', 'moderasi', 'technostress', 'hubung', 'puas', 'variabel', 'moderator', 'gender', 'temu', 'pengaruh', 'moderasi', 'hubung', 'signifikan', 'langsung', 'ebook', 'mahasiswa', 'puas', 'manfaat', 'variabel', 'signifikan', 'efek', 'positif', 'moderasi', 'technostress', 'kondisi', 'mahasiswa', 'alami', 'technostress', 'manfaat', 'langsung', 'ebook', 'efek', 'negatif', 'moderasi', 'technostress', 'kondisi', 'mahasiswa', 'alami', 'technostress', 'puas', 'langsung', 'ebook', 'moderasi', 'gender', 'mahasiswa', 'lakilaki', 'milik', 'efek', 'kuat', 'faktor', 'manfaat', 'puas', 'ebook']"
68,68,0,0.994,"teliti, pengaruh, data, model, aplikasi, signifikan, variabel, positif, nilai, tingkat","['ukur', 'kerja', 'proses', 'sistematis', 'evaluasi', 'strategi', 'sesuai', 'prosedur', 'padasaat', 'abc', 'rencana', 'strategis', 'sistem', 'informasi', 'bergunauntuk', 'ukur', 'efisiensi', 'strategi', 'bangun', 'danmengembangkan', 'strategi', 'harap', 'dukung', 'capai', 'sasar', 'kerja', 'dasar', 'visi', 'misi', 'teliti', 'inibertujuan', 'untukmendapatkan', 'suatuinformasi', 'isi', 'persen', 'capai', 'kerja', 'milik', 'usaha', 'dasar', 'perspektif', 'milik', 'balancedscorecard', 'bsc', 'teliti', 'pakar', 'divisi', 'manager', 'marketing', 'pakar', 'it', 'pakar', 'manager', 'production', 'pakar', 'kuesioner', 'langsung', 'nilai', 'bobot', 'strategi', 'persepsi', 'beda', 'beda', 'analisis', 'data', 'dalampenelitianini', 'menggunakananalyticalhierarchyprocess', 'ahp', 'kualitatif', 'hasilpenelitianini', 'dasar', 'balancedscorecard', 'strategi', 'maksimal', 'profit', 'usaha', 'turun', 'biaya', 'tingkat', 'produktifitas', 'perhati', 'puas', 'buyer', 'tingkat', 'buyer', 'tingkat', 'hubung', 'loyalitas', 'buyer', 'optimal', 'produksi', 'distribusi', 'optimal', 'kapasitas', 'produksi', 'efisiensi', 'identifikasi', 'produk', 'butuh', 'terima', 'masuk', 'ide', 'karyawan', 'tingkat', 'kelola', 'data', 'sistem', 'informasi', 'latih', 'kembang', 'kompetensi', 'karyawan', 'dasar', 'capai', 'kerja', 'usaha', 'olah', 'bobot', 'analyticalhierarchyprocess', 'ahp', 'capai', 'kerja', 'milik', 'usaha']"
69,69,0,0.9932,"teliti, pengaruh, data, model, aplikasi, signifikan, variabel, positif, nilai, tingkat","['teliti', 'upaya', 'tingkat', 'kontribusi', 'pengaruh', 'digital', 'advertising', 'terap', 'strategi', 'crm', 'usaha', 'beda', 'strategi', 'crm', 'usaha', 'beda', 'teliti', 'kuantitatif', 'teknik', 'analisis', 'regresi', 'linear', 'ganda', 'temu', 'nilai', 'variabel', 'iklan', 'nilai', 'variabel', 'hubung', 'langgan', 'variabel', 'kerja', 'layan', 'temu', 'nilai', 'variabel', 'kerja', 'layan', 'loyalitas', 'langgan', 'uji', 'temu', 'nilai', 'variabel', 'iklan', 'hubung', 'langgan', 'kerja', 'layan', 'nilai', 'variabel', 'kerja', 'layan', 'loyalitas', 'langgan', 'uji', 'koefisien', 'determinasi', 'temu', 'variabel', 'loyalitas', 'langgan', 'variabel', 'iklan', 'kerja', 'layan', 'hubung', 'langgan', 'sisa', 'variabel', 'teliti', 'variabel', 'kualitas', 'produk', 'variabel', 'harga', 'variabel', 'lokasi', 'vape', 'store', 'strategi', 'terap', 'crm', 'usaha', 'vape', 'store', 'temu', 'beda', 'variabel', 'milik', 'masingmasing', 'interpretasi', 'analisis', 'harap', 'vape', 'store', 'jenis', 'implementasi', 'sesuai', 'strategi', 'crm', 'teliti', 'kondisi', 'langgan', 'lokasi', 'vape', 'store']"
70,70,0,0.9937,"teliti, pengaruh, data, model, aplikasi, signifikan, variabel, positif, nilai, tingkat","['investasi', 'reksa', 'dana', 'tarik', 'kalang', 'melek', 'investasi', 'kembang', 'teknologi', 'pesat', 'pengaruh', 'muncul', 'platformplatform', 'investasi', 'reksadana', 'online', 'salah', 'aplikasi', 'popular', 'juta', 'unduh', 'playstore', 'aplikasi', 'bibit', 'kembang', 'teknologi', 'investasi', 'reksa', 'dana', 'online', 'faktor', 'pengaruh', 'niat', 'aplikasi', 'bibit', 'teliti', 'model', 'usability', 'faktorfaktor', 'perceived', 'ease', 'of', 'use', 'perceived', 'usefulness', 'perceived', 'learnability', 'satisfaction', 'faktor', 'model', 'social', 'influence', 'compatibility', 'security', 'credibility', 'teliti', 'kuantitatif', 'sebar', 'kuesioner', 'responden', 'aplikasi', 'bibit', 'olah', 'data', 'proses', 'apliaksi', 'smartpls', 'variabel', 'satisfaction', 'compatibility', 'social', 'influence', 'pengaruh', 'niat', 'aplikasi', 'bibit', 'perceived', 'usefulness', 'langsung', 'pengaruh', 'niat', 'aplikasi', 'bibit', 'pengaruh', 'satisfaction', 'perceived', 'usefulness', 'variabel', 'perceived', 'ease', 'of', 'use', 'langsung', 'pengaruh', 'positif', 'signifikan', 'satisfaction', 'faktor', 'pengaruh', 'signifikan', 'niat', 'aplikasi', 'bibit', 'perceived', 'learnability', 'perceived', 'security', 'perceived', 'credibility']"
71,71,2,0.9948,"teliti, teknologi, risiko, informasi, proses, data, kembang, model, nilai, sistem","['kota', 'milik', 'rencana', 'kota', 'maju', 'unggul', 'kota', 'kembang', 'konsep', 'smart', 'city', 'kota', 'pintar', 'konsep', 'terap', 'kota', 'kota', 'kabupaten', 'indonesia', 'kota', 'pintar', 'smart', 'city', 'tren', 'solusi', 'inovatif', 'masalahmasalah', 'kota', 'smart', 'city', 'kota', 'milik', 'ambil', 'putus', 'identifikasi', 'data', 'milik', 'sekian', 'kota', 'kabupaten', 'jawa', 'timur', 'kabupaten', 'nganjuk', 'kabupaten', 'implementasi', 'smart', 'city', 'teliti', 'tuju', 'analis', 'ukur', 'matang', 'smart', 'city', 'kabupaten', 'nganjuk', 'garuda', 'smart', 'city', 'framework', 'enabler', 'technology', 'governance', 'people', 'teliti', 'studi', 'kualitatif', 'kumpul', 'data', 'wawancara', 'kominfo', 'kabupaten', 'nganjuk', 'data', 'kumpul', 'analis', 'framework', 'garuda', 'smart', 'city', 'teliti', 'kabupaten', 'nganjuk', 'implementasi', 'aspek', 'smart', 'city', 'teknologi', 'informasi', 'komunikasi', 'tik', 'layan', 'publik', 'kelola', 'data', 'integrasi', 'partisipasi', 'masyarakat', 'implementasi', 'smart', 'city', 'aspek', 'tingkat', 'konektivitas', 'infrastruktur', 'tik', 'lindung', 'data', 'pribadi', 'kuat', 'kembang', 'aplikasi', 'smart', 'city', 'komprehensif', 'dasar', 'analisis', 'garuda', 'smart', 'city', 'framework', 'kabupaten', 'nganjuk', 'kategori', 'smart', 'city', 'tingkat', 'matang', 'teliti', 'paham', 'status', 'matang', 'smart', 'city', 'kabupaten', 'nganjuk', 'rekomendasi', 'kembang', 'capai', 'tingkat', 'matang']"
72,72,0,0.9901,"teliti, pengaruh, data, model, aplikasi, signifikan, variabel, positif, nilai, tingkat","['layan', 'perintah', 'perintah', 'kabupaten', 'sidoarjo', 'sipraja', 'sistem', 'layan', 'rakyat', 'sidoarjo', 'layan', 'publik', 'kualitas', 'ukur', 'penuh', 'standar', 'layan', 'pieces', 'enam', 'komponen', 'performa', 'informasi', 'ekonomis', 'kontrol', 'efisiensi', 'layan', 'ukur', 'puas', 'aplikasi', 'faktorfaktor', 'pengaruh', 'implementasi', 'aplikasi', 'sipraja', 'teliti', 'pendekataan', 'kuantitatif', 'saji', 'bentuk', 'angka', 'analisis', 'statistik', 'analis', 'sampel', 'hitung', 'sempls', 'uji', 'validitas', 'realibilitasnya', 'uji', 'statistik', 'uji', 'square', 'hipotesis', 'teliti', 'variabel', 'pengaruh', 'signifikan', 'variabel', 'user', 'satisfaction', 'vaariabel', 'control', 'variabel', 'information', 'variabel', 'pengaruh', 'signifikan', 'economics', 'efficiency', 'performance', 'service']"
73,73,2,0.9932,"teliti, teknologi, risiko, informasi, proses, data, kembang, model, nilai, sistem","['sistem', 'manajemen', 'data', 'donasi', 'digital', 'sudak', 'aplikasi', 'organisasi', 'usaha', 'teliti', 'kait', 'manajemen', 'donasi', 'digital', 'populer', 'manfaat', 'teknologi', 'website', 'teliti', 'tuju', 'bangun', 'sistem', 'informasi', 'donasi', 'lembaga', 'dana', 'sosial', 'aljihad', 'dasa', 'integrasi', 'codeigniter', 'flutter', 'bas', 'mobile', 'android', 'kerangka', 'kerja', 'backend', 'codeigniter', 'frontend', 'flutter', 'bangun', 'terap', 'sistem', 'informasi', 'ambil', 'donasi', 'bas', 'android', 'flutter', 'pilih', 'uinya', 'tarik', 'responsif', 'codeigniter', 'pilih', 'kelola', 'logika', 'bisnis', 'database', 'donasi', 'mudah', 'teliti', 'sdlc', 'waterfall', 'kembang', 'sistem', 'informasi', 'langkahlangkah', 'sdlc', 'waterfall', 'liput', 'analisis', 'butuh', 'ancang', 'sistem', 'implementasi', 'uji', 'kembang', 'teliti', 'bantu', 'lembaga', 'dasa', 'kelola', 'data', 'donasi', 'efisien', 'cepat', 'sistem', 'informasi', 'kembang', 'mudah', 'proses', 'sharing', 'data', 'temu', 'alamat', 'donatur', 'lapor', 'donasi', 'lembaga', 'dasa', 'capai', 'tuju', 'bantu', 'sosial', 'masyarakat', 'untung']"
74,74,1,0.9937,"teliti, surabaya, digital, informasi, of, pengaruh, layan, anak, nilai, variabel","['fokus', 'computational', 'thinking', 'letak', 'aspek', 'ilmiah', 'dunia', 'komputasi', 'giat', 'programming', 'butuh', 'computational', 'thinking', 'ukur', 'computational', 'thinking', 'alam', 'programming', 'computational', 'thinking', 'proses', 'pikir', 'butuh', 'didik', 'dasar', 'milik', 'usia', 'ukur', 'siswa', 'sekolah', 'dasar', 'deteksi', 'computational', 'thinking', 'milik', 'istrumen', 'bebras', 'indonesia', 'teliti', 'uji', 'korelasi', 'perason', 'product', 'moment', 'kait', 'variabel', 'abstraction', 'algorithm', 'decomposition', 'pattern', 'recognition', 'computational', 'thinking', 'anak', 'usia', 'dasar', 'uji', 'beda', 'computational', 'thinking', 'siswa', 'full', 'day', 'school', 'sekolah', 'reguler', 'siswa', 'lakilaki', 'perempuan', 'data', 'distribusi', 'normal', 'uji', 'normalitas', 'skewnesskurtosis', 'syarat', 'mutlak', 'uji', 'teliti', 'computational', 'thinking', 'anak', 'usia', 'dasar', 'milik', 'korelasi', 'positif', 'signifikan', 'tingkat', 'kuat', 'variabel', 'abstraction', 'algorithm', 'decomposition', 'hubung', 'positif', 'signifikan', 'variabel', 'pattern', 'recognition', 'tingkat', 'beda', 'computational', 'thinking', 'jenis', 'sekolah', 'beda', 'siswa', 'full', 'day', 'school', 'siswa', 'sekolah', 'reguler', 'kelompok', 'siswa', 'lakilaki', 'perempuan', 'temu', 'beda']"
75,75,2,0.9918,"teliti, teknologi, risiko, informasi, proses, data, kembang, model, nilai, sistem","['perintah', 'indonesia', 'terap', 'sistem', 'perintah', 'bas', 'elektronik', 'spbe', 'acu', 'atur', 'presiden', 'nomor', 'spbe', 'pres', 'acu', 'perintah', 'reformasi', 'birokrasi', 'wujud', 'tata', 'kelola', 'perintah', 'terap', 'spbe', 'sepenuh', 'integrasi', 'nasional', 'ancang', 'enterprise', 'architecture', 'ea', 'spbe', 'diskominfo', 'kabupaten', 'lamongan', 'salah', 'instansi', 'perintah', 'daerah', 'wajib', 'terap', 'spbe', 'milik', 'ea', 'spbe', 'tuju', 'teliti', 'rancang', 'ea', 'spbe', 'diskominfo', 'kabupaten', 'lamongan', 'bantu', 'notasi', 'archimate', 'gambar', 'proses', 'bisnis', 'layan', 'diskominfo', 'kabupaten', 'lamongan', 'kerangka', 'kerja', 'scaled', 'agile', 'framework', 'safe', 'tuju', 'kelola', 'ganggu', 'digital', 'bantu', 'cepat', 'transformasi', 'digital', 'layan', 'masyarakat', 'teliti', 'langkah', 'rancang', 'ea', 'spbe', 'dasa', 'safe']"
76,76,0,0.9941,"teliti, pengaruh, data, model, aplikasi, signifikan, variabel, positif, nilai, tingkat","['kecap', 'kenari', 'salah', 'usaha', 'pasok', 'distribusi', 'brand', 'kecap', 'kenari', 'karyawan', 'kecap', 'kenari', 'milik', 'tugas', 'latar', 'didik', 'ahli', 'beda', 'teliti', 'observasi', 'kecap', 'kenari', 'temu', 'cari', 'data', 'karyawan', 'sifat', 'manual', 'dasar', 'keyword', 'butuh', 'fitur', 'cari', 'data', 'dasar', 'keyword', 'dasar', 'makna', 'semantik', 'keyword', 'dukung', 'cari', 'data', 'lingkup', 'cari', 'lengkap', 'tahap', 'utama', 'cari', 'data', 'teliti', 'tahap', 'preprocessing', 'text', 'tahap', 'cari', 'makna', 'semantik', 'keyword', 'tahap', 'cocok', 'string', 'tahap', 'preprocessing', 'text', 'manfaat', 'library', 'php', 'sastrawi', 'normalisasi', 'teks', 'tahap', 'cari', 'makna', 'semantik', 'library', 'php', 'satriasynonim', 'antonym', 'cari', 'data', 'pegawai', 'cosine', 'similarity', 'teknik', 'cocok', 'string', 'tingkat', 'data', 'pegawai', 'keyword', 'makna', 'semantik', 'keyword', 'teliti', 'sistem', 'normalisasi', 'teks', 'temu', 'makna', 'semantik', 'keyword', 'temu', 'tingkat', 'data', 'cari', 'cosine', 'similarity', 'saji', 'data', 'urut', 'tingkat', 'mudah', 'baca', 'output', 'system', 'kait', 'cari', 'data', 'pegawai']"
77,77,0,0.9932,"teliti, pengaruh, data, model, aplikasi, signifikan, variabel, positif, nilai, tingkat","['qris', 'bayar', 'alternatif', 'kontak', 'fisik', 'manfaat', 'pandemi', 'fenomena', 'tingkat', 'dompet', 'digital', 'pandemi', 'covid', 'indikasi', 'masyarakat', 'terima', 'aplikasi', 'bayar', 'dompet', 'digital', 'dukung', 'giat', 'transaksi', 'seharihari', 'popularitas', 'qris', 'transaksi', 'kembang', 'pesat', 'minat', 'qris', 'dagang', 'toko', 'kelontong', 'teliti', 'kerangka', 'technology', 'acceptance', 'model', 'tam', 'kembang', 'teliti', 'milik', 'tuju', 'uji', 'model', 'terima', 'aplikasi', 'qris', 'digital', 'payment', 'teliti', 'teliti', 'kuantitatif', 'sebar', 'kuesioner', 'responden', 'proses', 'olah', 'data', 'teliti', 'pls', 'sem', 'bantu', 'software', 'smart', 'pls', 'analisis', 'perceived', 'compatibility', 'awareness', 'langsung', 'pengaruh', 'perceived', 'usefulness', 'qris', 'perceived', 'trust', 'langsung', 'pengaruh', 'intention', 'to', 'use', 'qris', 'variabel', 'perceived', 'usefulness', 'perceived', 'cost', 'perceived', 'customer', 'value', 'addition', 'pengaruh', 'signifikan', 'pengaruh', 'perceived', 'usefulness', 'intention', 'to', 'use', 'mediasi', 'perceived', 'trust', 'qris', 'bukti', 'positif', 'signifikan']"
78,78,2,0.9905,"teliti, teknologi, risiko, informasi, proses, data, kembang, model, nilai, sistem","['beras', 'tingkat', 'beras', 'salah', 'komoditas', 'pangan', 'indonesia', 'tahan', 'pangan', 'sakit', 'daun', 'padi', 'akibat', 'gagal', 'panen', 'peran', 'padi', 'ganggu', 'identifikasi', 'akurasi', 'wajar', 'mesin', 'komputer', 'teliti', 'tahap', 'preprocessing', 'modeling', 'evaluasi', 'klasifikasi', 'jenis', 'sakit', 'daun', 'padi', 'convolutional', 'neural', 'network', 'cnn', 'salah', 'kelas', 'metodologi', 'deep', 'learning', 'model', 'parameter', 'teliti', 'tuju', 'klasifikasi', 'sakit', 'daun', 'padi', 'cepat', 'akurat', 'coba', 'akurasi', 'augmentasi', 'data', 'normalisasi', 'layer', 'fungsi', 'optimalisasi', 'rmsprop', 'learning', 'rate', 'akurasi', 'persen', 'coba', 'data', 'optimasi', 'model', 'proses', 'klasifikasi', 'dataset', 'variasi', 'imbang']"
